--
-- PostgreSQL database dump
--

-- Dumped from database version 15.6 (Debian 15.6-1.pgdg120+2)
-- Dumped by pg_dump version 15.6 (Debian 15.6-0+deb12u1)

SET statement_timeout = 0;
SET lock_timeout = 0;
SET idle_in_transaction_session_timeout = 0;
SET client_encoding = 'UTF8';
SET standard_conforming_strings = on;
SELECT pg_catalog.set_config('search_path', '', false);
SET check_function_bodies = false;
SET xmloption = content;
SET client_min_messages = warning;
SET row_security = off;

SET default_tablespace = '';

SET default_table_access_method = heap;

--
-- Name: Bike; Type: TABLE; Schema: public; Owner: kevin
--

CREATE TABLE public."Bike" (
    id bigint NOT NULL,
    bike_type character varying(50) NOT NULL,
    slug character varying(150) NOT NULL,
    gps character varying(150) NOT NULL
);


ALTER TABLE public."Bike" OWNER TO kevin;

--
-- Name: Bike_id_seq; Type: SEQUENCE; Schema: public; Owner: kevin
--

ALTER TABLE public."Bike" ALTER COLUMN id ADD GENERATED BY DEFAULT AS IDENTITY (
    SEQUENCE NAME public."Bike_id_seq"
    START WITH 1
    INCREMENT BY 1
    NO MINVALUE
    NO MAXVALUE
    CACHE 1
);


--
-- Name: Payout; Type: TABLE; Schema: public; Owner: kevin
--

CREATE TABLE public."Payout" (
    id_payment character varying(36) NOT NULL,
    amount numeric(10,2) NOT NULL,
    date timestamp with time zone NOT NULL,
    id_user_id bigint NOT NULL
);


ALTER TABLE public."Payout" OWNER TO kevin;

--
-- Name: Station; Type: TABLE; Schema: public; Owner: kevin
--

CREATE TABLE public."Station" (
    id bigint NOT NULL,
    slug character varying(150) NOT NULL,
    station_name character varying(50) NOT NULL,
    description character varying(100) NOT NULL,
    address character varying(100) NOT NULL,
    lat character varying(150) NOT NULL,
    lng character varying(150) NOT NULL,
    capacity integer NOT NULL,
    image character varying(150) NOT NULL,
    status character varying(100) NOT NULL
);


ALTER TABLE public."Station" OWNER TO kevin;

--
-- Name: auth_group; Type: TABLE; Schema: public; Owner: kevin
--

CREATE TABLE public.auth_group (
    id integer NOT NULL,
    name character varying(150) NOT NULL
);


ALTER TABLE public.auth_group OWNER TO kevin;

--
-- Name: auth_group_id_seq; Type: SEQUENCE; Schema: public; Owner: kevin
--

ALTER TABLE public.auth_group ALTER COLUMN id ADD GENERATED BY DEFAULT AS IDENTITY (
    SEQUENCE NAME public.auth_group_id_seq
    START WITH 1
    INCREMENT BY 1
    NO MINVALUE
    NO MAXVALUE
    CACHE 1
);


--
-- Name: auth_group_permissions; Type: TABLE; Schema: public; Owner: kevin
--

CREATE TABLE public.auth_group_permissions (
    id bigint NOT NULL,
    group_id integer NOT NULL,
    permission_id integer NOT NULL
);


ALTER TABLE public.auth_group_permissions OWNER TO kevin;

--
-- Name: auth_group_permissions_id_seq; Type: SEQUENCE; Schema: public; Owner: kevin
--

ALTER TABLE public.auth_group_permissions ALTER COLUMN id ADD GENERATED BY DEFAULT AS IDENTITY (
    SEQUENCE NAME public.auth_group_permissions_id_seq
    START WITH 1
    INCREMENT BY 1
    NO MINVALUE
    NO MAXVALUE
    CACHE 1
);


--
-- Name: auth_permission; Type: TABLE; Schema: public; Owner: kevin
--

CREATE TABLE public.auth_permission (
    id integer NOT NULL,
    name character varying(255) NOT NULL,
    content_type_id integer NOT NULL,
    codename character varying(100) NOT NULL
);


ALTER TABLE public.auth_permission OWNER TO kevin;

--
-- Name: auth_permission_id_seq; Type: SEQUENCE; Schema: public; Owner: kevin
--

ALTER TABLE public.auth_permission ALTER COLUMN id ADD GENERATED BY DEFAULT AS IDENTITY (
    SEQUENCE NAME public.auth_permission_id_seq
    START WITH 1
    INCREMENT BY 1
    NO MINVALUE
    NO MAXVALUE
    CACHE 1
);


--
-- Name: django_admin_log; Type: TABLE; Schema: public; Owner: kevin
--

CREATE TABLE public.django_admin_log (
    id integer NOT NULL,
    action_time timestamp with time zone NOT NULL,
    object_id text,
    object_repr character varying(200) NOT NULL,
    action_flag smallint NOT NULL,
    change_message text NOT NULL,
    content_type_id integer,
    user_id bigint NOT NULL,
    CONSTRAINT django_admin_log_action_flag_check CHECK ((action_flag >= 0))
);


ALTER TABLE public.django_admin_log OWNER TO kevin;

--
-- Name: django_admin_log_id_seq; Type: SEQUENCE; Schema: public; Owner: kevin
--

ALTER TABLE public.django_admin_log ALTER COLUMN id ADD GENERATED BY DEFAULT AS IDENTITY (
    SEQUENCE NAME public.django_admin_log_id_seq
    START WITH 1
    INCREMENT BY 1
    NO MINVALUE
    NO MAXVALUE
    CACHE 1
);


--
-- Name: django_content_type; Type: TABLE; Schema: public; Owner: kevin
--

CREATE TABLE public.django_content_type (
    id integer NOT NULL,
    app_label character varying(100) NOT NULL,
    model character varying(100) NOT NULL
);


ALTER TABLE public.django_content_type OWNER TO kevin;

--
-- Name: django_content_type_id_seq; Type: SEQUENCE; Schema: public; Owner: kevin
--

ALTER TABLE public.django_content_type ALTER COLUMN id ADD GENERATED BY DEFAULT AS IDENTITY (
    SEQUENCE NAME public.django_content_type_id_seq
    START WITH 1
    INCREMENT BY 1
    NO MINVALUE
    NO MAXVALUE
    CACHE 1
);


--
-- Name: django_migrations; Type: TABLE; Schema: public; Owner: kevin
--

CREATE TABLE public.django_migrations (
    id bigint NOT NULL,
    app character varying(255) NOT NULL,
    name character varying(255) NOT NULL,
    applied timestamp with time zone NOT NULL
);


ALTER TABLE public.django_migrations OWNER TO kevin;

--
-- Name: django_migrations_id_seq; Type: SEQUENCE; Schema: public; Owner: kevin
--

ALTER TABLE public.django_migrations ALTER COLUMN id ADD GENERATED BY DEFAULT AS IDENTITY (
    SEQUENCE NAME public.django_migrations_id_seq
    START WITH 1
    INCREMENT BY 1
    NO MINVALUE
    NO MAXVALUE
    CACHE 1
);


--
-- Name: django_session; Type: TABLE; Schema: public; Owner: kevin
--

CREATE TABLE public.django_session (
    session_key character varying(40) NOT NULL,
    session_data text NOT NULL,
    expire_date timestamp with time zone NOT NULL
);


ALTER TABLE public.django_session OWNER TO kevin;

--
-- Name: rent_rent; Type: TABLE; Schema: public; Owner: kevin
--

CREATE TABLE public.rent_rent (
    id bigint NOT NULL,
    start_date timestamp with time zone NOT NULL,
    end_date timestamp with time zone NOT NULL,
    amount numeric(10,2) NOT NULL,
    status character varying(50) NOT NULL,
    lat character varying(150) NOT NULL,
    lng character varying(150) NOT NULL,
    bike_id bigint NOT NULL,
    collection_slot_id bigint NOT NULL,
    return_slot_id bigint NOT NULL,
    user_id bigint NOT NULL,
    rent_id character varying(36) NOT NULL
);


ALTER TABLE public.rent_rent OWNER TO kevin;

--
-- Name: rent_rent_id_seq; Type: SEQUENCE; Schema: public; Owner: kevin
--

ALTER TABLE public.rent_rent ALTER COLUMN id ADD GENERATED BY DEFAULT AS IDENTITY (
    SEQUENCE NAME public.rent_rent_id_seq
    START WITH 1
    INCREMENT BY 1
    NO MINVALUE
    NO MAXVALUE
    CACHE 1
);


--
-- Name: slots_slot; Type: TABLE; Schema: public; Owner: kevin
--

CREATE TABLE public.slots_slot (
    id bigint NOT NULL,
    status character varying(200) NOT NULL,
    bike_id bigint,
    station_id bigint NOT NULL
);


ALTER TABLE public.slots_slot OWNER TO kevin;

--
-- Name: slots_slot_id_seq; Type: SEQUENCE; Schema: public; Owner: kevin
--

ALTER TABLE public.slots_slot ALTER COLUMN id ADD GENERATED BY DEFAULT AS IDENTITY (
    SEQUENCE NAME public.slots_slot_id_seq
    START WITH 1
    INCREMENT BY 1
    NO MINVALUE
    NO MAXVALUE
    CACHE 1
);


--
-- Name: stations_station_id_seq; Type: SEQUENCE; Schema: public; Owner: kevin
--

ALTER TABLE public."Station" ALTER COLUMN id ADD GENERATED BY DEFAULT AS IDENTITY (
    SEQUENCE NAME public.stations_station_id_seq
    START WITH 1
    INCREMENT BY 1
    NO MINVALUE
    NO MAXVALUE
    CACHE 1
);


--
-- Name: users_user; Type: TABLE; Schema: public; Owner: kevin
--

CREATE TABLE public.users_user (
    id bigint NOT NULL,
    password character varying(128) NOT NULL,
    last_login timestamp with time zone,
    is_superuser boolean NOT NULL,
    uuid character varying(36) NOT NULL,
    username character varying(40) NOT NULL,
    name character varying(40) NOT NULL,
    email character varying(254) NOT NULL,
    phone character varying(9) NOT NULL,
    role character varying(15) NOT NULL,
    is_staff boolean NOT NULL,
    avatar character varying(255) NOT NULL,
    "countTokens" integer NOT NULL,
    balance numeric(10,2) NOT NULL
);


ALTER TABLE public.users_user OWNER TO kevin;

--
-- Name: users_user_groups; Type: TABLE; Schema: public; Owner: kevin
--

CREATE TABLE public.users_user_groups (
    id bigint NOT NULL,
    user_id bigint NOT NULL,
    group_id integer NOT NULL
);


ALTER TABLE public.users_user_groups OWNER TO kevin;

--
-- Name: users_user_groups_id_seq; Type: SEQUENCE; Schema: public; Owner: kevin
--

ALTER TABLE public.users_user_groups ALTER COLUMN id ADD GENERATED BY DEFAULT AS IDENTITY (
    SEQUENCE NAME public.users_user_groups_id_seq
    START WITH 1
    INCREMENT BY 1
    NO MINVALUE
    NO MAXVALUE
    CACHE 1
);


--
-- Name: users_user_id_seq; Type: SEQUENCE; Schema: public; Owner: kevin
--

ALTER TABLE public.users_user ALTER COLUMN id ADD GENERATED BY DEFAULT AS IDENTITY (
    SEQUENCE NAME public.users_user_id_seq
    START WITH 1
    INCREMENT BY 1
    NO MINVALUE
    NO MAXVALUE
    CACHE 1
);


--
-- Name: users_user_user_permissions; Type: TABLE; Schema: public; Owner: kevin
--

CREATE TABLE public.users_user_user_permissions (
    id bigint NOT NULL,
    user_id bigint NOT NULL,
    permission_id integer NOT NULL
);


ALTER TABLE public.users_user_user_permissions OWNER TO kevin;

--
-- Name: users_user_user_permissions_id_seq; Type: SEQUENCE; Schema: public; Owner: kevin
--

ALTER TABLE public.users_user_user_permissions ALTER COLUMN id ADD GENERATED BY DEFAULT AS IDENTITY (
    SEQUENCE NAME public.users_user_user_permissions_id_seq
    START WITH 1
    INCREMENT BY 1
    NO MINVALUE
    NO MAXVALUE
    CACHE 1
);


--
-- Data for Name: Bike; Type: TABLE DATA; Schema: public; Owner: kevin
--

COPY public."Bike" (id, bike_type, slug, gps) FROM stdin;
1	electric	electric-exeht7	38.82018059977002,-0.6029612830128839
2	mountain	mountain-az4y6w	38.82018059977002,-0.6029612830128839
3	cruiser	cruiser-fn0c3s	38.82018059977002,-0.6029612830128839
4	road	road-os9075	38.82018059977002,-0.6029612830128839
5	cyclocross	cyclocross-xnvwsi	38.82018059977002,-0.6029612830128839
6	city	city-f3elyt	38.81828554278073,-0.6043501152928811
7	trial	trial-bpci9v	38.81828554278073,-0.6043501152928811
8	mountain	mountain-b5esw5	38.81828554278073,-0.6043501152928811
9	hybrid	hybrid-urrqdp	38.81828554278073,-0.6043501152928811
10	mountain	mountain-yhfn7m	38.81828554278073,-0.6043501152928811
11	hybrid	hybrid-iakcfq	38.810286665108876,-0.6035119775403537
12	bmx	bmx-26cxyp	38.810286665108876,-0.6035119775403537
13	tandem	tandem-5140r6	38.810286665108876,-0.6035119775403537
14	unicycle	unicycle-v8tzv1	38.810286665108876,-0.6035119775403537
15	recumbent	recumbent-lstmk4	38.810286665108876,-0.6035119775403537
16	cyclocross	cyclocross-49ylee	38.81074626514784,-0.6106678917566789
17	cruiser	cruiser-4scx6d	38.81074626514784,-0.6106678917566789
18	trial	trial-9ltfas	38.81074626514784,-0.6106678917566789
19	city	city-j3kiah	38.81074626514784,-0.6106678917566789
20	tricycle	tricycle-ypikvs	38.81074626514784,-0.6106678917566789
21	mountain	mountain-uj2sr9	38.798755071798176,-0.6120636405835954
22	bmx	bmx-lxn8i0	38.798755071798176,-0.6120636405835954
23	city	city-6mwiq8	38.798755071798176,-0.6120636405835954
24	trial	trial-0lpsmv	38.798755071798176,-0.6120636405835954
25	tandem	tandem-019uq1	38.798755071798176,-0.6120636405835954
26	city	city-b8lmpw	38.82454003132385,-0.6027581054078655
27	hybrid	hybrid-t9r945	38.82454003132385,-0.6027581054078655
28	recumbent	recumbent-2cskde	38.82454003132385,-0.6027581054078655
29	unicycle	unicycle-v9bkr2	38.82454003132385,-0.6027581054078655
30	unicycle	unicycle-ytk291	38.82454003132385,-0.6027581054078655
31	bmx	bmx-8kf50y	38.826637773970454,-0.6141585414265855
32	bmx	bmx-919lee	38.826637773970454,-0.6141585414265855
33	bmx	bmx-sesmag	38.826637773970454,-0.6141585414265855
34	recumbent	recumbent-5pdiol	38.826637773970454,-0.6141585414265855
35	unicycle	unicycle-740b9e	38.826637773970454,-0.6141585414265855
36	unicycle	unicycle-rogof4	38.82177246263011,-0.5969750108857443
37	tandem	tandem-0ae1va	38.82177246263011,-0.5969750108857443
38	electric	electric-x4ocoi	38.82177246263011,-0.5969750108857443
39	tricycle	tricycle-dfkz30	38.82177246263011,-0.5969750108857443
40	mountain	mountain-ak1qhb	38.82177246263011,-0.5969750108857443
41	electric	electric-63w7h0	38.82741089220847,-0.5832476612271636
42	folding	folding-orfrmq	38.82741089220847,-0.5832476612271636
43	city	city-ymjhw7	38.82741089220847,-0.5832476612271636
44	unicycle	unicycle-b534a1	38.82741089220847,-0.5832476612271636
45	cruiser	cruiser-8bfhrm	38.82741089220847,-0.5832476612271636
\.


--
-- Data for Name: Payout; Type: TABLE DATA; Schema: public; Owner: kevin
--

COPY public."Payout" (id_payment, amount, date, id_user_id) FROM stdin;
\.


--
-- Data for Name: Station; Type: TABLE DATA; Schema: public; Owner: kevin
--

COPY public."Station" (id, slug, station_name, description, address, lat, lng, capacity, image, status) FROM stdin;
1	hospital-general-1ql8vr	Hospital General	Hospital general	Avinguda de Francisco Cerdà, 3, 46870 Ontinyent, Valencia	38.82018059977002	-0.6029612830128839	0	https://picsum.photos/200/300	Active
2	estacion-de-servicio-repsol-bs2tyt	Estación de Servicio Repsol	Description 2	Carrer del Dos de Maig, 207, D, 46870 Ontinyent, Valencia	38.81828554278073	-0.6043501152928811	0	https://picsum.photos/200/300	Active
3	ies-la-estacion-bltii0	IES La Estación	Description 3	Ctra. ESTACIÓ, S/N, 46870 Ontinyent, Valencia	38.810286665108876	-0.6035119775403537	0	https://picsum.photos/200/300	Active
4	polideportivo-municipal-n11vnt	Polideportivo Municipal	Description 4	Carrer Vicent Lluís Montés Penadés, S/N, 46870 Ontinyent, Valencia	38.81074626514784	-0.6106678917566789	0	https://picsum.photos/200/300	Active
5	pou-clar-ky8n5h	Pou Clar	Description 5	CV-81, 46870 Ontinyent, Valencia	38.798755071798176	-0.6120636405835954	0	https://picsum.photos/200/300	Active
6	el-teler-3f53f1	El Teler	Description 6	Carrer del Pintor Josep Segrelles, 1, 46870 Ontinyent, Valencia	38.82454003132385	-0.6027581054078655	0	https://picsum.photos/200/300	Active
7	ies-pou-clar-obnl5e	IES Pou Clar	Description 7	Av. Vicente Gironés, 16, 46870 Ontinyent, Valencia	38.826637773970454	-0.6141585414265855	0	https://picsum.photos/200/300	Active
8	ies-jaume-i-ax2ctw	IES Jaume I	Description 8	Av. de, Av. dAlbaida, 23, 46870 Ontinyent, Valencia	38.82177246263011	-0.5969750108857443	0	https://picsum.photos/200/300	Active
9	family-cash-bqyp9i	Family Cash	Description 9	Av. del Textil, 56, 46870 Ontinyent, Valencia	38.82741089220847	-0.5832476612271636	0	https://picsum.photos/200/300	Active
\.


--
-- Data for Name: auth_group; Type: TABLE DATA; Schema: public; Owner: kevin
--

COPY public.auth_group (id, name) FROM stdin;
\.


--
-- Data for Name: auth_group_permissions; Type: TABLE DATA; Schema: public; Owner: kevin
--

COPY public.auth_group_permissions (id, group_id, permission_id) FROM stdin;
\.


--
-- Data for Name: auth_permission; Type: TABLE DATA; Schema: public; Owner: kevin
--

COPY public.auth_permission (id, name, content_type_id, codename) FROM stdin;
\.


--
-- Data for Name: django_admin_log; Type: TABLE DATA; Schema: public; Owner: kevin
--

COPY public.django_admin_log (id, action_time, object_id, object_repr, action_flag, change_message, content_type_id, user_id) FROM stdin;
\.


--
-- Data for Name: django_content_type; Type: TABLE DATA; Schema: public; Owner: kevin
--

COPY public.django_content_type (id, app_label, model) FROM stdin;
\.


--
-- Data for Name: django_migrations; Type: TABLE DATA; Schema: public; Owner: kevin
--

COPY public.django_migrations (id, app, name, applied) FROM stdin;
1	contenttypes	0001_initial	2024-02-15 10:37:32.239152+00
2	contenttypes	0002_remove_content_type_name	2024-02-15 10:37:32.251574+00
3	auth	0001_initial	2024-02-15 10:37:32.323573+00
4	auth	0002_alter_permission_name_max_length	2024-02-15 10:37:32.33525+00
5	auth	0003_alter_user_email_max_length	2024-02-15 10:37:32.347696+00
6	auth	0004_alter_user_username_opts	2024-02-15 10:37:32.358202+00
7	auth	0005_alter_user_last_login_null	2024-02-15 10:37:32.370537+00
8	auth	0006_require_contenttypes_0002	2024-02-15 10:37:32.3737+00
9	auth	0007_alter_validators_add_error_messages	2024-02-15 10:37:32.384891+00
10	auth	0008_alter_user_username_max_length	2024-02-15 10:37:32.39752+00
11	auth	0009_alter_user_last_name_max_length	2024-02-15 10:37:32.407675+00
12	auth	0010_alter_group_name_max_length	2024-02-15 10:37:32.415482+00
13	auth	0011_update_proxy_permissions	2024-02-15 10:37:32.424437+00
14	auth	0012_alter_user_first_name_max_length	2024-02-15 10:37:32.432134+00
15	users	0001_initial	2024-02-15 10:37:32.508787+00
16	admin	0001_initial	2024-02-15 10:37:32.555644+00
17	admin	0002_logentry_remove_auto_add	2024-02-15 10:37:32.573264+00
18	admin	0003_logentry_add_action_flag_choices	2024-02-15 10:37:32.589974+00
19	bikes	0001_initial	2024-02-15 10:37:32.612719+00
20	payout	0001_initial	2024-02-15 10:37:32.6457+00
21	payout	0002_alter_payout_id_payment	2024-02-15 10:37:32.675969+00
22	stations	0005_initial	2024-02-15 10:37:32.704872+00
23	stations	0006_alter_station_id	2024-02-15 10:37:32.731855+00
24	stations	0007_alter_station_table	2024-02-15 10:37:32.738442+00
25	stations	0008_alter_station_slug	2024-02-15 10:37:32.748533+00
26	slots	0001_initial	2024-02-15 10:37:32.781177+00
27	rent	0001_initial	2024-02-15 10:37:32.839332+00
28	rent	0002_rent_rent_id	2024-02-15 10:37:32.880374+00
29	sessions	0001_initial	2024-02-15 10:37:32.90311+00
30	stations	0009_station_status	2024-02-15 10:37:32.913196+00
31	users	0002_user_balance	2024-02-15 10:37:32.935433+00
\.


--
-- Data for Name: django_session; Type: TABLE DATA; Schema: public; Owner: kevin
--

COPY public.django_session (session_key, session_data, expire_date) FROM stdin;
\.


--
-- Data for Name: rent_rent; Type: TABLE DATA; Schema: public; Owner: kevin
--

COPY public.rent_rent (id, start_date, end_date, amount, status, lat, lng, bike_id, collection_slot_id, return_slot_id, user_id, rent_id) FROM stdin;
\.


--
-- Data for Name: slots_slot; Type: TABLE DATA; Schema: public; Owner: kevin
--

COPY public.slots_slot (id, status, bike_id, station_id) FROM stdin;
1	Active	1	1
2	Active	2	1
3	Active	3	1
4	Active	4	1
5	Active	5	1
6	Active	6	2
7	Active	7	2
8	Active	8	2
9	Active	9	2
10	Active	10	2
11	Active	11	3
12	Active	12	3
13	Active	13	3
14	Active	14	3
15	Active	15	3
16	Active	16	4
17	Active	17	4
18	Active	18	4
19	Active	19	4
20	Active	20	4
21	Active	21	5
22	Active	22	5
23	Active	23	5
24	Active	24	5
25	Active	25	5
26	Active	26	6
27	Active	27	6
28	Active	28	6
29	Active	29	6
30	Active	30	6
31	Active	31	7
32	Active	32	7
33	Active	33	7
34	Active	34	7
35	Active	35	7
36	Active	36	8
37	Active	37	8
38	Active	38	8
39	Active	39	8
40	Active	40	8
41	Active	41	9
42	Active	42	9
43	Active	43	9
44	Active	44	9
45	Active	45	9
\.


--
-- Data for Name: users_user; Type: TABLE DATA; Schema: public; Owner: kevin
--

COPY public.users_user (id, password, last_login, is_superuser, uuid, username, name, email, phone, role, is_staff, avatar, "countTokens", balance) FROM stdin;
1	pbkdf2_sha256$720000$WxrgWMDJnMTYxVTG808mWT$2mA6gaBAZP/nUAvd5zdK7By3M5ohWXZOtm0/zOkzqrY=	\N	t	2df79b0f-8dfe-c192-6863-1bef75c98f24	guillem		guillem@gmail.com	123456789	Admin	t		0	0.00
2	pbkdf2_sha256$720000$VvfUlhBDHUfc6rYQAsNqif$dMMbjGhgCOxFfjzBSwI2HuH4N8Y5l6XOQpfxndU6Ke4=	\N	t	14c54ee0-28ac-173c-b180-0665ded9884b	kevin		kevin@gmail.com	123456789	Admin	t		0	0.00
3	pbkdf2_sha256$720000$EAf9TUSxLYYj4rk28zYM1j$j6tDs3/cP5jY3iAcxPaqmdKTN18qbHSdfPKoBpli530=	\N	t	97a58d18-d4f9-a680-8599-c1ee6cfbee94	admin		admin@gmail.com	123456789	Admin	t		0	0.00
4	pbkdf2_sha256$720000$bEGy1OAJnrbKgpDnbttbAq$+WLKA4Qkhx91o2NZlAT8xvcyS9mmTK6reW+e4a7ExYE=	\N	f	7150dfbf-ba44-5101-e720-3d57c0f9eeca	miguel		miguel@gmail.com	123456789	Client	f		0	0.00
5	pbkdf2_sha256$720000$0tfzh5Ys7krzr4WMdx9rKQ$yuRTFvFcDjTqqYUlfeg3N3x/Y7QePSbb/vnySAv/no0=	\N	f	ffa8a368-c75a-d88d-89b9-5dde4ec2082d	david		david@gmail.com	123456789	Client	f		0	0.00
6	pbkdf2_sha256$720000$lTMbR6J4H0MNZIuI7bhbp9$3eS1dJHGA6bEc0UZX9VPbR40t8VT39shLXpmSuN5gmU=	\N	f	982c02da-34b0-4394-710d-dc0073759189	johan		johan@gmail.com	123456789	Client	f		0	0.00
\.


--
-- Data for Name: users_user_groups; Type: TABLE DATA; Schema: public; Owner: kevin
--

COPY public.users_user_groups (id, user_id, group_id) FROM stdin;
\.


--
-- Data for Name: users_user_user_permissions; Type: TABLE DATA; Schema: public; Owner: kevin
--

COPY public.users_user_user_permissions (id, user_id, permission_id) FROM stdin;
\.


--
-- Name: Bike_id_seq; Type: SEQUENCE SET; Schema: public; Owner: kevin
--

SELECT pg_catalog.setval('public."Bike_id_seq"', 45, true);


--
-- Name: auth_group_id_seq; Type: SEQUENCE SET; Schema: public; Owner: kevin
--

SELECT pg_catalog.setval('public.auth_group_id_seq', 1, false);


--
-- Name: auth_group_permissions_id_seq; Type: SEQUENCE SET; Schema: public; Owner: kevin
--

SELECT pg_catalog.setval('public.auth_group_permissions_id_seq', 1, false);


--
-- Name: auth_permission_id_seq; Type: SEQUENCE SET; Schema: public; Owner: kevin
--

SELECT pg_catalog.setval('public.auth_permission_id_seq', 44, true);


--
-- Name: django_admin_log_id_seq; Type: SEQUENCE SET; Schema: public; Owner: kevin
--

SELECT pg_catalog.setval('public.django_admin_log_id_seq', 1, false);


--
-- Name: django_content_type_id_seq; Type: SEQUENCE SET; Schema: public; Owner: kevin
--

SELECT pg_catalog.setval('public.django_content_type_id_seq', 11, true);


--
-- Name: django_migrations_id_seq; Type: SEQUENCE SET; Schema: public; Owner: kevin
--

SELECT pg_catalog.setval('public.django_migrations_id_seq', 31, true);


--
-- Name: rent_rent_id_seq; Type: SEQUENCE SET; Schema: public; Owner: kevin
--

SELECT pg_catalog.setval('public.rent_rent_id_seq', 1, false);


--
-- Name: slots_slot_id_seq; Type: SEQUENCE SET; Schema: public; Owner: kevin
--

SELECT pg_catalog.setval('public.slots_slot_id_seq', 45, true);


--
-- Name: stations_station_id_seq; Type: SEQUENCE SET; Schema: public; Owner: kevin
--

SELECT pg_catalog.setval('public.stations_station_id_seq', 9, true);


--
-- Name: users_user_groups_id_seq; Type: SEQUENCE SET; Schema: public; Owner: kevin
--

SELECT pg_catalog.setval('public.users_user_groups_id_seq', 1, false);


--
-- Name: users_user_id_seq; Type: SEQUENCE SET; Schema: public; Owner: kevin
--

SELECT pg_catalog.setval('public.users_user_id_seq', 6, true);


--
-- Name: users_user_user_permissions_id_seq; Type: SEQUENCE SET; Schema: public; Owner: kevin
--

SELECT pg_catalog.setval('public.users_user_user_permissions_id_seq', 1, false);


--
-- Name: Bike Bike_pkey; Type: CONSTRAINT; Schema: public; Owner: kevin
--

ALTER TABLE ONLY public."Bike"
    ADD CONSTRAINT "Bike_pkey" PRIMARY KEY (id);


--
-- Name: Bike Bike_slug_key; Type: CONSTRAINT; Schema: public; Owner: kevin
--

ALTER TABLE ONLY public."Bike"
    ADD CONSTRAINT "Bike_slug_key" UNIQUE (slug);


--
-- Name: Payout Payout_pkey; Type: CONSTRAINT; Schema: public; Owner: kevin
--

ALTER TABLE ONLY public."Payout"
    ADD CONSTRAINT "Payout_pkey" PRIMARY KEY (id_payment);


--
-- Name: auth_group auth_group_name_key; Type: CONSTRAINT; Schema: public; Owner: kevin
--

ALTER TABLE ONLY public.auth_group
    ADD CONSTRAINT auth_group_name_key UNIQUE (name);


--
-- Name: auth_group_permissions auth_group_permissions_group_id_permission_id_0cd325b0_uniq; Type: CONSTRAINT; Schema: public; Owner: kevin
--

ALTER TABLE ONLY public.auth_group_permissions
    ADD CONSTRAINT auth_group_permissions_group_id_permission_id_0cd325b0_uniq UNIQUE (group_id, permission_id);


--
-- Name: auth_group_permissions auth_group_permissions_pkey; Type: CONSTRAINT; Schema: public; Owner: kevin
--

ALTER TABLE ONLY public.auth_group_permissions
    ADD CONSTRAINT auth_group_permissions_pkey PRIMARY KEY (id);


--
-- Name: auth_group auth_group_pkey; Type: CONSTRAINT; Schema: public; Owner: kevin
--

ALTER TABLE ONLY public.auth_group
    ADD CONSTRAINT auth_group_pkey PRIMARY KEY (id);


--
-- Name: auth_permission auth_permission_content_type_id_codename_01ab375a_uniq; Type: CONSTRAINT; Schema: public; Owner: kevin
--

ALTER TABLE ONLY public.auth_permission
    ADD CONSTRAINT auth_permission_content_type_id_codename_01ab375a_uniq UNIQUE (content_type_id, codename);


--
-- Name: auth_permission auth_permission_pkey; Type: CONSTRAINT; Schema: public; Owner: kevin
--

ALTER TABLE ONLY public.auth_permission
    ADD CONSTRAINT auth_permission_pkey PRIMARY KEY (id);


--
-- Name: django_admin_log django_admin_log_pkey; Type: CONSTRAINT; Schema: public; Owner: kevin
--

ALTER TABLE ONLY public.django_admin_log
    ADD CONSTRAINT django_admin_log_pkey PRIMARY KEY (id);


--
-- Name: django_content_type django_content_type_app_label_model_76bd3d3b_uniq; Type: CONSTRAINT; Schema: public; Owner: kevin
--

ALTER TABLE ONLY public.django_content_type
    ADD CONSTRAINT django_content_type_app_label_model_76bd3d3b_uniq UNIQUE (app_label, model);


--
-- Name: django_content_type django_content_type_pkey; Type: CONSTRAINT; Schema: public; Owner: kevin
--

ALTER TABLE ONLY public.django_content_type
    ADD CONSTRAINT django_content_type_pkey PRIMARY KEY (id);


--
-- Name: django_migrations django_migrations_pkey; Type: CONSTRAINT; Schema: public; Owner: kevin
--

ALTER TABLE ONLY public.django_migrations
    ADD CONSTRAINT django_migrations_pkey PRIMARY KEY (id);


--
-- Name: django_session django_session_pkey; Type: CONSTRAINT; Schema: public; Owner: kevin
--

ALTER TABLE ONLY public.django_session
    ADD CONSTRAINT django_session_pkey PRIMARY KEY (session_key);


--
-- Name: rent_rent rent_rent_pkey; Type: CONSTRAINT; Schema: public; Owner: kevin
--

ALTER TABLE ONLY public.rent_rent
    ADD CONSTRAINT rent_rent_pkey PRIMARY KEY (id);


--
-- Name: rent_rent rent_rent_rent_id_key; Type: CONSTRAINT; Schema: public; Owner: kevin
--

ALTER TABLE ONLY public.rent_rent
    ADD CONSTRAINT rent_rent_rent_id_key UNIQUE (rent_id);


--
-- Name: slots_slot slots_slot_bike_id_key; Type: CONSTRAINT; Schema: public; Owner: kevin
--

ALTER TABLE ONLY public.slots_slot
    ADD CONSTRAINT slots_slot_bike_id_key UNIQUE (bike_id);


--
-- Name: slots_slot slots_slot_pkey; Type: CONSTRAINT; Schema: public; Owner: kevin
--

ALTER TABLE ONLY public.slots_slot
    ADD CONSTRAINT slots_slot_pkey PRIMARY KEY (id);


--
-- Name: Station stations_station_pkey; Type: CONSTRAINT; Schema: public; Owner: kevin
--

ALTER TABLE ONLY public."Station"
    ADD CONSTRAINT stations_station_pkey PRIMARY KEY (id);


--
-- Name: Station stations_station_slug_key; Type: CONSTRAINT; Schema: public; Owner: kevin
--

ALTER TABLE ONLY public."Station"
    ADD CONSTRAINT stations_station_slug_key UNIQUE (slug);


--
-- Name: users_user users_user_email_key; Type: CONSTRAINT; Schema: public; Owner: kevin
--

ALTER TABLE ONLY public.users_user
    ADD CONSTRAINT users_user_email_key UNIQUE (email);


--
-- Name: users_user_groups users_user_groups_pkey; Type: CONSTRAINT; Schema: public; Owner: kevin
--

ALTER TABLE ONLY public.users_user_groups
    ADD CONSTRAINT users_user_groups_pkey PRIMARY KEY (id);


--
-- Name: users_user_groups users_user_groups_user_id_group_id_b88eab82_uniq; Type: CONSTRAINT; Schema: public; Owner: kevin
--

ALTER TABLE ONLY public.users_user_groups
    ADD CONSTRAINT users_user_groups_user_id_group_id_b88eab82_uniq UNIQUE (user_id, group_id);


--
-- Name: users_user users_user_pkey; Type: CONSTRAINT; Schema: public; Owner: kevin
--

ALTER TABLE ONLY public.users_user
    ADD CONSTRAINT users_user_pkey PRIMARY KEY (id);


--
-- Name: users_user_user_permissions users_user_user_permissions_pkey; Type: CONSTRAINT; Schema: public; Owner: kevin
--

ALTER TABLE ONLY public.users_user_user_permissions
    ADD CONSTRAINT users_user_user_permissions_pkey PRIMARY KEY (id);


--
-- Name: users_user_user_permissions users_user_user_permissions_user_id_permission_id_43338c45_uniq; Type: CONSTRAINT; Schema: public; Owner: kevin
--

ALTER TABLE ONLY public.users_user_user_permissions
    ADD CONSTRAINT users_user_user_permissions_user_id_permission_id_43338c45_uniq UNIQUE (user_id, permission_id);


--
-- Name: users_user users_user_uuid_key; Type: CONSTRAINT; Schema: public; Owner: kevin
--

ALTER TABLE ONLY public.users_user
    ADD CONSTRAINT users_user_uuid_key UNIQUE (uuid);


--
-- Name: Bike_slug_224a9d96_like; Type: INDEX; Schema: public; Owner: kevin
--

CREATE INDEX "Bike_slug_224a9d96_like" ON public."Bike" USING btree (slug varchar_pattern_ops);


--
-- Name: Payout_id_user_id_633348ef; Type: INDEX; Schema: public; Owner: kevin
--

CREATE INDEX "Payout_id_user_id_633348ef" ON public."Payout" USING btree (id_user_id);


--
-- Name: auth_group_name_a6ea08ec_like; Type: INDEX; Schema: public; Owner: kevin
--

CREATE INDEX auth_group_name_a6ea08ec_like ON public.auth_group USING btree (name varchar_pattern_ops);


--
-- Name: auth_group_permissions_group_id_b120cbf9; Type: INDEX; Schema: public; Owner: kevin
--

CREATE INDEX auth_group_permissions_group_id_b120cbf9 ON public.auth_group_permissions USING btree (group_id);


--
-- Name: auth_group_permissions_permission_id_84c5c92e; Type: INDEX; Schema: public; Owner: kevin
--

CREATE INDEX auth_group_permissions_permission_id_84c5c92e ON public.auth_group_permissions USING btree (permission_id);


--
-- Name: auth_permission_content_type_id_2f476e4b; Type: INDEX; Schema: public; Owner: kevin
--

CREATE INDEX auth_permission_content_type_id_2f476e4b ON public.auth_permission USING btree (content_type_id);


--
-- Name: django_admin_log_content_type_id_c4bce8eb; Type: INDEX; Schema: public; Owner: kevin
--

CREATE INDEX django_admin_log_content_type_id_c4bce8eb ON public.django_admin_log USING btree (content_type_id);


--
-- Name: django_admin_log_user_id_c564eba6; Type: INDEX; Schema: public; Owner: kevin
--

CREATE INDEX django_admin_log_user_id_c564eba6 ON public.django_admin_log USING btree (user_id);


--
-- Name: django_session_expire_date_a5c62663; Type: INDEX; Schema: public; Owner: kevin
--

CREATE INDEX django_session_expire_date_a5c62663 ON public.django_session USING btree (expire_date);


--
-- Name: django_session_session_key_c0390e0f_like; Type: INDEX; Schema: public; Owner: kevin
--

CREATE INDEX django_session_session_key_c0390e0f_like ON public.django_session USING btree (session_key varchar_pattern_ops);


--
-- Name: rent_rent_bike_id_4ecb3af0; Type: INDEX; Schema: public; Owner: kevin
--

CREATE INDEX rent_rent_bike_id_4ecb3af0 ON public.rent_rent USING btree (bike_id);


--
-- Name: rent_rent_collection_slot_id_892d1882; Type: INDEX; Schema: public; Owner: kevin
--

CREATE INDEX rent_rent_collection_slot_id_892d1882 ON public.rent_rent USING btree (collection_slot_id);


--
-- Name: rent_rent_rent_id_dd730f42_like; Type: INDEX; Schema: public; Owner: kevin
--

CREATE INDEX rent_rent_rent_id_dd730f42_like ON public.rent_rent USING btree (rent_id varchar_pattern_ops);


--
-- Name: rent_rent_return_slot_id_4e9cf1cb; Type: INDEX; Schema: public; Owner: kevin
--

CREATE INDEX rent_rent_return_slot_id_4e9cf1cb ON public.rent_rent USING btree (return_slot_id);


--
-- Name: rent_rent_user_id_07f92b1b; Type: INDEX; Schema: public; Owner: kevin
--

CREATE INDEX rent_rent_user_id_07f92b1b ON public.rent_rent USING btree (user_id);


--
-- Name: slots_slot_station_id_3512b1bc; Type: INDEX; Schema: public; Owner: kevin
--

CREATE INDEX slots_slot_station_id_3512b1bc ON public.slots_slot USING btree (station_id);


--
-- Name: stations_station_slug_05a1011b_like; Type: INDEX; Schema: public; Owner: kevin
--

CREATE INDEX stations_station_slug_05a1011b_like ON public."Station" USING btree (slug varchar_pattern_ops);


--
-- Name: users_user_email_243f6e77_like; Type: INDEX; Schema: public; Owner: kevin
--

CREATE INDEX users_user_email_243f6e77_like ON public.users_user USING btree (email varchar_pattern_ops);


--
-- Name: users_user_groups_group_id_9afc8d0e; Type: INDEX; Schema: public; Owner: kevin
--

CREATE INDEX users_user_groups_group_id_9afc8d0e ON public.users_user_groups USING btree (group_id);


--
-- Name: users_user_groups_user_id_5f6f5a90; Type: INDEX; Schema: public; Owner: kevin
--

CREATE INDEX users_user_groups_user_id_5f6f5a90 ON public.users_user_groups USING btree (user_id);


--
-- Name: users_user_user_permissions_permission_id_0b93982e; Type: INDEX; Schema: public; Owner: kevin
--

CREATE INDEX users_user_user_permissions_permission_id_0b93982e ON public.users_user_user_permissions USING btree (permission_id);


--
-- Name: users_user_user_permissions_user_id_20aca447; Type: INDEX; Schema: public; Owner: kevin
--

CREATE INDEX users_user_user_permissions_user_id_20aca447 ON public.users_user_user_permissions USING btree (user_id);


--
-- Name: users_user_uuid_6fe513d7_like; Type: INDEX; Schema: public; Owner: kevin
--

CREATE INDEX users_user_uuid_6fe513d7_like ON public.users_user USING btree (uuid varchar_pattern_ops);


--
-- Name: Payout Payout_id_user_id_633348ef_fk_users_user_id; Type: FK CONSTRAINT; Schema: public; Owner: kevin
--

ALTER TABLE ONLY public."Payout"
    ADD CONSTRAINT "Payout_id_user_id_633348ef_fk_users_user_id" FOREIGN KEY (id_user_id) REFERENCES public.users_user(id) DEFERRABLE INITIALLY DEFERRED;


--
-- Name: auth_group_permissions auth_group_permissio_permission_id_84c5c92e_fk_auth_perm; Type: FK CONSTRAINT; Schema: public; Owner: kevin
--

ALTER TABLE ONLY public.auth_group_permissions
    ADD CONSTRAINT auth_group_permissio_permission_id_84c5c92e_fk_auth_perm FOREIGN KEY (permission_id) REFERENCES public.auth_permission(id) DEFERRABLE INITIALLY DEFERRED;


--
-- Name: auth_group_permissions auth_group_permissions_group_id_b120cbf9_fk_auth_group_id; Type: FK CONSTRAINT; Schema: public; Owner: kevin
--

ALTER TABLE ONLY public.auth_group_permissions
    ADD CONSTRAINT auth_group_permissions_group_id_b120cbf9_fk_auth_group_id FOREIGN KEY (group_id) REFERENCES public.auth_group(id) DEFERRABLE INITIALLY DEFERRED;


--
-- Name: auth_permission auth_permission_content_type_id_2f476e4b_fk_django_co; Type: FK CONSTRAINT; Schema: public; Owner: kevin
--

ALTER TABLE ONLY public.auth_permission
    ADD CONSTRAINT auth_permission_content_type_id_2f476e4b_fk_django_co FOREIGN KEY (content_type_id) REFERENCES public.django_content_type(id) DEFERRABLE INITIALLY DEFERRED;


--
-- Name: django_admin_log django_admin_log_content_type_id_c4bce8eb_fk_django_co; Type: FK CONSTRAINT; Schema: public; Owner: kevin
--

ALTER TABLE ONLY public.django_admin_log
    ADD CONSTRAINT django_admin_log_content_type_id_c4bce8eb_fk_django_co FOREIGN KEY (content_type_id) REFERENCES public.django_content_type(id) DEFERRABLE INITIALLY DEFERRED;


--
-- Name: django_admin_log django_admin_log_user_id_c564eba6_fk_users_user_id; Type: FK CONSTRAINT; Schema: public; Owner: kevin
--

ALTER TABLE ONLY public.django_admin_log
    ADD CONSTRAINT django_admin_log_user_id_c564eba6_fk_users_user_id FOREIGN KEY (user_id) REFERENCES public.users_user(id) DEFERRABLE INITIALLY DEFERRED;


--
-- Name: rent_rent rent_rent_bike_id_4ecb3af0_fk_Bike_id; Type: FK CONSTRAINT; Schema: public; Owner: kevin
--

ALTER TABLE ONLY public.rent_rent
    ADD CONSTRAINT "rent_rent_bike_id_4ecb3af0_fk_Bike_id" FOREIGN KEY (bike_id) REFERENCES public."Bike"(id) DEFERRABLE INITIALLY DEFERRED;


--
-- Name: rent_rent rent_rent_collection_slot_id_892d1882_fk_slots_slot_id; Type: FK CONSTRAINT; Schema: public; Owner: kevin
--

ALTER TABLE ONLY public.rent_rent
    ADD CONSTRAINT rent_rent_collection_slot_id_892d1882_fk_slots_slot_id FOREIGN KEY (collection_slot_id) REFERENCES public.slots_slot(id) DEFERRABLE INITIALLY DEFERRED;


--
-- Name: rent_rent rent_rent_return_slot_id_4e9cf1cb_fk_slots_slot_id; Type: FK CONSTRAINT; Schema: public; Owner: kevin
--

ALTER TABLE ONLY public.rent_rent
    ADD CONSTRAINT rent_rent_return_slot_id_4e9cf1cb_fk_slots_slot_id FOREIGN KEY (return_slot_id) REFERENCES public.slots_slot(id) DEFERRABLE INITIALLY DEFERRED;


--
-- Name: rent_rent rent_rent_user_id_07f92b1b_fk_users_user_id; Type: FK CONSTRAINT; Schema: public; Owner: kevin
--

ALTER TABLE ONLY public.rent_rent
    ADD CONSTRAINT rent_rent_user_id_07f92b1b_fk_users_user_id FOREIGN KEY (user_id) REFERENCES public.users_user(id) DEFERRABLE INITIALLY DEFERRED;


--
-- Name: slots_slot slots_slot_bike_id_2a9cf1fb_fk_Bike_id; Type: FK CONSTRAINT; Schema: public; Owner: kevin
--

ALTER TABLE ONLY public.slots_slot
    ADD CONSTRAINT "slots_slot_bike_id_2a9cf1fb_fk_Bike_id" FOREIGN KEY (bike_id) REFERENCES public."Bike"(id) DEFERRABLE INITIALLY DEFERRED;


--
-- Name: slots_slot slots_slot_station_id_3512b1bc_fk_Station_id; Type: FK CONSTRAINT; Schema: public; Owner: kevin
--

ALTER TABLE ONLY public.slots_slot
    ADD CONSTRAINT "slots_slot_station_id_3512b1bc_fk_Station_id" FOREIGN KEY (station_id) REFERENCES public."Station"(id) DEFERRABLE INITIALLY DEFERRED;


--
-- Name: users_user_groups users_user_groups_group_id_9afc8d0e_fk_auth_group_id; Type: FK CONSTRAINT; Schema: public; Owner: kevin
--

ALTER TABLE ONLY public.users_user_groups
    ADD CONSTRAINT users_user_groups_group_id_9afc8d0e_fk_auth_group_id FOREIGN KEY (group_id) REFERENCES public.auth_group(id) DEFERRABLE INITIALLY DEFERRED;


--
-- Name: users_user_groups users_user_groups_user_id_5f6f5a90_fk_users_user_id; Type: FK CONSTRAINT; Schema: public; Owner: kevin
--

ALTER TABLE ONLY public.users_user_groups
    ADD CONSTRAINT users_user_groups_user_id_5f6f5a90_fk_users_user_id FOREIGN KEY (user_id) REFERENCES public.users_user(id) DEFERRABLE INITIALLY DEFERRED;


--
-- Name: users_user_user_permissions users_user_user_perm_permission_id_0b93982e_fk_auth_perm; Type: FK CONSTRAINT; Schema: public; Owner: kevin
--

ALTER TABLE ONLY public.users_user_user_permissions
    ADD CONSTRAINT users_user_user_perm_permission_id_0b93982e_fk_auth_perm FOREIGN KEY (permission_id) REFERENCES public.auth_permission(id) DEFERRABLE INITIALLY DEFERRED;


--
-- Name: users_user_user_permissions users_user_user_permissions_user_id_20aca447_fk_users_user_id; Type: FK CONSTRAINT; Schema: public; Owner: kevin
--

ALTER TABLE ONLY public.users_user_user_permissions
    ADD CONSTRAINT users_user_user_permissions_user_id_20aca447_fk_users_user_id FOREIGN KEY (user_id) REFERENCES public.users_user(id) DEFERRABLE INITIALLY DEFERRED;


--
-- PostgreSQL database dump complete
--

