--
-- PostgreSQL database dump
--

-- Dumped from database version 15.6 (Debian 15.6-1.pgdg120+2)
-- Dumped by pg_dump version 15.6 (Debian 15.6-0+deb12u1)

SET statement_timeout = 0;
SET lock_timeout = 0;
SET idle_in_transaction_session_timeout = 0;
SET client_encoding = 'UTF8';
SET standard_conforming_strings = on;
SELECT pg_catalog.set_config('search_path', '', false);
SET check_function_bodies = false;
SET xmloption = content;
SET client_min_messages = warning;
SET row_security = off;

SET default_tablespace = '';

SET default_table_access_method = heap;

--
-- Name: Bike; Type: TABLE; Schema: public; Owner: kevin
--

CREATE TABLE public."Bike" (
    id bigint NOT NULL,
    bike_type character varying(50) NOT NULL,
    slug character varying(150) NOT NULL,
    gps character varying(150) NOT NULL
);


ALTER TABLE public."Bike" OWNER TO kevin;

--
-- Name: Bike_id_seq; Type: SEQUENCE; Schema: public; Owner: kevin
--

ALTER TABLE public."Bike" ALTER COLUMN id ADD GENERATED BY DEFAULT AS IDENTITY (
    SEQUENCE NAME public."Bike_id_seq"
    START WITH 1
    INCREMENT BY 1
    NO MINVALUE
    NO MAXVALUE
    CACHE 1
);


--
-- Name: Payout; Type: TABLE; Schema: public; Owner: kevin
--

CREATE TABLE public."Payout" (
    id_payment character varying(36) NOT NULL,
    amount numeric(10,2) NOT NULL,
    date timestamp with time zone NOT NULL,
    id_user_id bigint NOT NULL
);


ALTER TABLE public."Payout" OWNER TO kevin;

--
-- Name: Station; Type: TABLE; Schema: public; Owner: kevin
--

CREATE TABLE public."Station" (
    id bigint NOT NULL,
    slug character varying(150) NOT NULL,
    station_name character varying(50) NOT NULL,
    description character varying(100) NOT NULL,
    address character varying(100) NOT NULL,
    lat character varying(150) NOT NULL,
    lng character varying(150) NOT NULL,
    capacity integer NOT NULL,
    image character varying(150) NOT NULL,
    status character varying(100) NOT NULL
);


ALTER TABLE public."Station" OWNER TO kevin;

--
-- Name: auth_group; Type: TABLE; Schema: public; Owner: kevin
--

CREATE TABLE public.auth_group (
    id integer NOT NULL,
    name character varying(150) NOT NULL
);


ALTER TABLE public.auth_group OWNER TO kevin;

--
-- Name: auth_group_id_seq; Type: SEQUENCE; Schema: public; Owner: kevin
--

ALTER TABLE public.auth_group ALTER COLUMN id ADD GENERATED BY DEFAULT AS IDENTITY (
    SEQUENCE NAME public.auth_group_id_seq
    START WITH 1
    INCREMENT BY 1
    NO MINVALUE
    NO MAXVALUE
    CACHE 1
);


--
-- Name: auth_group_permissions; Type: TABLE; Schema: public; Owner: kevin
--

CREATE TABLE public.auth_group_permissions (
    id bigint NOT NULL,
    group_id integer NOT NULL,
    permission_id integer NOT NULL
);


ALTER TABLE public.auth_group_permissions OWNER TO kevin;

--
-- Name: auth_group_permissions_id_seq; Type: SEQUENCE; Schema: public; Owner: kevin
--

ALTER TABLE public.auth_group_permissions ALTER COLUMN id ADD GENERATED BY DEFAULT AS IDENTITY (
    SEQUENCE NAME public.auth_group_permissions_id_seq
    START WITH 1
    INCREMENT BY 1
    NO MINVALUE
    NO MAXVALUE
    CACHE 1
);


--
-- Name: auth_permission; Type: TABLE; Schema: public; Owner: kevin
--

CREATE TABLE public.auth_permission (
    id integer NOT NULL,
    name character varying(255) NOT NULL,
    content_type_id integer NOT NULL,
    codename character varying(100) NOT NULL
);


ALTER TABLE public.auth_permission OWNER TO kevin;

--
-- Name: auth_permission_id_seq; Type: SEQUENCE; Schema: public; Owner: kevin
--

ALTER TABLE public.auth_permission ALTER COLUMN id ADD GENERATED BY DEFAULT AS IDENTITY (
    SEQUENCE NAME public.auth_permission_id_seq
    START WITH 1
    INCREMENT BY 1
    NO MINVALUE
    NO MAXVALUE
    CACHE 1
);


--
-- Name: django_admin_log; Type: TABLE; Schema: public; Owner: kevin
--

CREATE TABLE public.django_admin_log (
    id integer NOT NULL,
    action_time timestamp with time zone NOT NULL,
    object_id text,
    object_repr character varying(200) NOT NULL,
    action_flag smallint NOT NULL,
    change_message text NOT NULL,
    content_type_id integer,
    user_id bigint NOT NULL,
    CONSTRAINT django_admin_log_action_flag_check CHECK ((action_flag >= 0))
);


ALTER TABLE public.django_admin_log OWNER TO kevin;

--
-- Name: django_admin_log_id_seq; Type: SEQUENCE; Schema: public; Owner: kevin
--

ALTER TABLE public.django_admin_log ALTER COLUMN id ADD GENERATED BY DEFAULT AS IDENTITY (
    SEQUENCE NAME public.django_admin_log_id_seq
    START WITH 1
    INCREMENT BY 1
    NO MINVALUE
    NO MAXVALUE
    CACHE 1
);


--
-- Name: django_content_type; Type: TABLE; Schema: public; Owner: kevin
--

CREATE TABLE public.django_content_type (
    id integer NOT NULL,
    app_label character varying(100) NOT NULL,
    model character varying(100) NOT NULL
);


ALTER TABLE public.django_content_type OWNER TO kevin;

--
-- Name: django_content_type_id_seq; Type: SEQUENCE; Schema: public; Owner: kevin
--

ALTER TABLE public.django_content_type ALTER COLUMN id ADD GENERATED BY DEFAULT AS IDENTITY (
    SEQUENCE NAME public.django_content_type_id_seq
    START WITH 1
    INCREMENT BY 1
    NO MINVALUE
    NO MAXVALUE
    CACHE 1
);


--
-- Name: django_migrations; Type: TABLE; Schema: public; Owner: kevin
--

CREATE TABLE public.django_migrations (
    id bigint NOT NULL,
    app character varying(255) NOT NULL,
    name character varying(255) NOT NULL,
    applied timestamp with time zone NOT NULL
);


ALTER TABLE public.django_migrations OWNER TO kevin;

--
-- Name: django_migrations_id_seq; Type: SEQUENCE; Schema: public; Owner: kevin
--

ALTER TABLE public.django_migrations ALTER COLUMN id ADD GENERATED BY DEFAULT AS IDENTITY (
    SEQUENCE NAME public.django_migrations_id_seq
    START WITH 1
    INCREMENT BY 1
    NO MINVALUE
    NO MAXVALUE
    CACHE 1
);


--
-- Name: django_session; Type: TABLE; Schema: public; Owner: kevin
--

CREATE TABLE public.django_session (
    session_key character varying(40) NOT NULL,
    session_data text NOT NULL,
    expire_date timestamp with time zone NOT NULL
);


ALTER TABLE public.django_session OWNER TO kevin;

--
-- Name: rent_rent; Type: TABLE; Schema: public; Owner: kevin
--

CREATE TABLE public.rent_rent (
    id bigint NOT NULL,
    start_date timestamp with time zone NOT NULL,
    end_date timestamp with time zone,
    amount numeric(10,2) NOT NULL,
    status character varying(50) NOT NULL,
    lat character varying(150) NOT NULL,
    lng character varying(150) NOT NULL,
    bike_id bigint NOT NULL,
    collection_slot_id bigint NOT NULL,
    return_slot_id bigint NOT NULL,
    user_id bigint NOT NULL,
    rent_id character varying(36) NOT NULL
);


ALTER TABLE public.rent_rent OWNER TO kevin;

--
-- Name: rent_rent_id_seq; Type: SEQUENCE; Schema: public; Owner: kevin
--

ALTER TABLE public.rent_rent ALTER COLUMN id ADD GENERATED BY DEFAULT AS IDENTITY (
    SEQUENCE NAME public.rent_rent_id_seq
    START WITH 1
    INCREMENT BY 1
    NO MINVALUE
    NO MAXVALUE
    CACHE 1
);


--
-- Name: slots_slot; Type: TABLE; Schema: public; Owner: kevin
--

CREATE TABLE public.slots_slot (
    id bigint NOT NULL,
    status character varying(200) NOT NULL,
    bike_id bigint,
    station_id bigint NOT NULL
);


ALTER TABLE public.slots_slot OWNER TO kevin;

--
-- Name: slots_slot_id_seq; Type: SEQUENCE; Schema: public; Owner: kevin
--

ALTER TABLE public.slots_slot ALTER COLUMN id ADD GENERATED BY DEFAULT AS IDENTITY (
    SEQUENCE NAME public.slots_slot_id_seq
    START WITH 1
    INCREMENT BY 1
    NO MINVALUE
    NO MAXVALUE
    CACHE 1
);


--
-- Name: stations_station_id_seq; Type: SEQUENCE; Schema: public; Owner: kevin
--

ALTER TABLE public."Station" ALTER COLUMN id ADD GENERATED BY DEFAULT AS IDENTITY (
    SEQUENCE NAME public.stations_station_id_seq
    START WITH 1
    INCREMENT BY 1
    NO MINVALUE
    NO MAXVALUE
    CACHE 1
);


--
-- Name: users_user; Type: TABLE; Schema: public; Owner: kevin
--

CREATE TABLE public.users_user (
    id bigint NOT NULL,
    password character varying(128) NOT NULL,
    last_login timestamp with time zone,
    is_superuser boolean NOT NULL,
    uuid character varying(36) NOT NULL,
    username character varying(40) NOT NULL,
    name character varying(40) NOT NULL,
    email character varying(254) NOT NULL,
    phone character varying(9) NOT NULL,
    role character varying(15) NOT NULL,
    is_staff boolean NOT NULL,
    avatar character varying(255) NOT NULL,
    "countTokens" integer NOT NULL,
    balance numeric(10,2) NOT NULL
);


ALTER TABLE public.users_user OWNER TO kevin;

--
-- Name: users_user_groups; Type: TABLE; Schema: public; Owner: kevin
--

CREATE TABLE public.users_user_groups (
    id bigint NOT NULL,
    user_id bigint NOT NULL,
    group_id integer NOT NULL
);


ALTER TABLE public.users_user_groups OWNER TO kevin;

--
-- Name: users_user_groups_id_seq; Type: SEQUENCE; Schema: public; Owner: kevin
--

ALTER TABLE public.users_user_groups ALTER COLUMN id ADD GENERATED BY DEFAULT AS IDENTITY (
    SEQUENCE NAME public.users_user_groups_id_seq
    START WITH 1
    INCREMENT BY 1
    NO MINVALUE
    NO MAXVALUE
    CACHE 1
);


--
-- Name: users_user_id_seq; Type: SEQUENCE; Schema: public; Owner: kevin
--

ALTER TABLE public.users_user ALTER COLUMN id ADD GENERATED BY DEFAULT AS IDENTITY (
    SEQUENCE NAME public.users_user_id_seq
    START WITH 1
    INCREMENT BY 1
    NO MINVALUE
    NO MAXVALUE
    CACHE 1
);


--
-- Name: users_user_user_permissions; Type: TABLE; Schema: public; Owner: kevin
--

CREATE TABLE public.users_user_user_permissions (
    id bigint NOT NULL,
    user_id bigint NOT NULL,
    permission_id integer NOT NULL
);


ALTER TABLE public.users_user_user_permissions OWNER TO kevin;

--
-- Name: users_user_user_permissions_id_seq; Type: SEQUENCE; Schema: public; Owner: kevin
--

ALTER TABLE public.users_user_user_permissions ALTER COLUMN id ADD GENERATED BY DEFAULT AS IDENTITY (
    SEQUENCE NAME public.users_user_user_permissions_id_seq
    START WITH 1
    INCREMENT BY 1
    NO MINVALUE
    NO MAXVALUE
    CACHE 1
);


--
-- Data for Name: Bike; Type: TABLE DATA; Schema: public; Owner: kevin
--

COPY public."Bike" (id, bike_type, slug, gps) FROM stdin;
361	hybrid	hybrid-y7dlyi	38.82018059977002,-0.6029612830128839
362	electric	electric-x2wpmu	38.82018059977002,-0.6029612830128839
363	mountain	mountain-0ak808	38.82018059977002,-0.6029612830128839
364	cyclocross	cyclocross-kwgyaj	38.82018059977002,-0.6029612830128839
365	recumbent	recumbent-wh0gfd	38.82018059977002,-0.6029612830128839
366	mountain	mountain-byd50o	38.81828554278073,-0.6043501152928811
367	tricycle	tricycle-ojemzi	38.81828554278073,-0.6043501152928811
368	road	road-nsmguq	38.81828554278073,-0.6043501152928811
369	cruiser	cruiser-a8q0y0	38.81828554278073,-0.6043501152928811
370	cyclocross	cyclocross-0ce8sr	38.81828554278073,-0.6043501152928811
371	tricycle	tricycle-6xrero	38.810286665108876,-0.6035119775403537
372	cyclocross	cyclocross-899j9y	38.810286665108876,-0.6035119775403537
373	cruiser	cruiser-mj9puw	38.810286665108876,-0.6035119775403537
374	cyclocross	cyclocross-kojx3w	38.810286665108876,-0.6035119775403537
375	trial	trial-197tn2	38.810286665108876,-0.6035119775403537
376	cruiser	cruiser-3pc880	38.81074626514784,-0.6106678917566789
377	hybrid	hybrid-oyso13	38.81074626514784,-0.6106678917566789
378	unicycle	unicycle-y71xba	38.81074626514784,-0.6106678917566789
379	electric	electric-dba7a9	38.81074626514784,-0.6106678917566789
380	hybrid	hybrid-swd8yh	38.81074626514784,-0.6106678917566789
381	recumbent	recumbent-yzi1qd	38.798755071798176,-0.6120636405835954
382	unicycle	unicycle-rlw96g	38.798755071798176,-0.6120636405835954
383	bmx	bmx-c43am5	38.798755071798176,-0.6120636405835954
384	cruiser	cruiser-13cve9	38.798755071798176,-0.6120636405835954
385	hybrid	hybrid-cm51sz	38.798755071798176,-0.6120636405835954
386	folding	folding-kurfwx	38.82454003132385,-0.6027581054078655
387	unicycle	unicycle-5h3rr7	38.82454003132385,-0.6027581054078655
388	tandem	tandem-93zfql	38.82454003132385,-0.6027581054078655
389	unicycle	unicycle-8fqo2n	38.82454003132385,-0.6027581054078655
390	bmx	bmx-8bulnr	38.82454003132385,-0.6027581054078655
391	road	road-afw9hx	38.826637773970454,-0.6141585414265855
392	unicycle	unicycle-n9hiqa	38.826637773970454,-0.6141585414265855
393	folding	folding-2o6kb7	38.826637773970454,-0.6141585414265855
394	mountain	mountain-rsf2ie	38.826637773970454,-0.6141585414265855
395	unicycle	unicycle-oe5bmr	38.826637773970454,-0.6141585414265855
396	trial	trial-4ardg2	38.82177246263011,-0.5969750108857443
397	bmx	bmx-7f206w	38.82177246263011,-0.5969750108857443
398	road	road-2nih4s	38.82177246263011,-0.5969750108857443
399	recumbent	recumbent-ozprlk	38.82177246263011,-0.5969750108857443
400	bmx	bmx-g3ei8u	38.82177246263011,-0.5969750108857443
401	tricycle	tricycle-x608la	38.82741089220847,-0.5832476612271636
402	cruiser	cruiser-rgz0h9	38.82741089220847,-0.5832476612271636
403	city	city-s0f0hi	38.82741089220847,-0.5832476612271636
404	trial	trial-uwrvs6	38.82741089220847,-0.5832476612271636
405	road	road-73qbc4	38.82741089220847,-0.5832476612271636
\.


--
-- Data for Name: Payout; Type: TABLE DATA; Schema: public; Owner: kevin
--

COPY public."Payout" (id_payment, amount, date, id_user_id) FROM stdin;
\.


--
-- Data for Name: Station; Type: TABLE DATA; Schema: public; Owner: kevin
--

COPY public."Station" (id, slug, station_name, description, address, lat, lng, capacity, image, status) FROM stdin;
73	hospital-general-ogmcvn	Hospital General	Hospital general	Avinguda de Francisco Cerdà, 3, 46870 Ontinyent, Valencia	38.82018059977002	-0.6029612830128839	0	https://picsum.photos/200/300	Active
74	estacion-de-servicio-repsol-vyubgz	Estación de Servicio Repsol	Description 2	Carrer del Dos de Maig, 207, D, 46870 Ontinyent, Valencia	38.81828554278073	-0.6043501152928811	0	https://picsum.photos/200/300	Active
75	ies-la-estacion-b3444d	IES La Estación	Description 3	Ctra. ESTACIÓ, S/N, 46870 Ontinyent, Valencia	38.810286665108876	-0.6035119775403537	0	https://picsum.photos/200/300	Active
76	polideportivo-municipal-lk40s6	Polideportivo Municipal	Description 4	Carrer Vicent Lluís Montés Penadés, S/N, 46870 Ontinyent, Valencia	38.81074626514784	-0.6106678917566789	0	https://picsum.photos/200/300	Active
77	pou-clar-w5fznb	Pou Clar	Description 5	CV-81, 46870 Ontinyent, Valencia	38.798755071798176	-0.6120636405835954	0	https://picsum.photos/200/300	Active
78	el-teler-ttkpre	El Teler	Description 6	Carrer del Pintor Josep Segrelles, 1, 46870 Ontinyent, Valencia	38.82454003132385	-0.6027581054078655	0	https://picsum.photos/200/300	Active
79	ies-pou-clar-ne8qub	IES Pou Clar	Description 7	Av. Vicente Gironés, 16, 46870 Ontinyent, Valencia	38.826637773970454	-0.6141585414265855	0	https://picsum.photos/200/300	Active
80	ies-jaume-i-1775c5	IES Jaume I	Description 8	Av. de, Av. dAlbaida, 23, 46870 Ontinyent, Valencia	38.82177246263011	-0.5969750108857443	0	https://picsum.photos/200/300	Active
81	family-cash-u2lzqt	Family Cash	Description 9	Av. del Textil, 56, 46870 Ontinyent, Valencia	38.82741089220847	-0.5832476612271636	0	https://picsum.photos/200/300	Active
\.


--
-- Data for Name: auth_group; Type: TABLE DATA; Schema: public; Owner: kevin
--

COPY public.auth_group (id, name) FROM stdin;
\.


--
-- Data for Name: auth_group_permissions; Type: TABLE DATA; Schema: public; Owner: kevin
--

COPY public.auth_group_permissions (id, group_id, permission_id) FROM stdin;
\.


--
-- Data for Name: auth_permission; Type: TABLE DATA; Schema: public; Owner: kevin
--

COPY public.auth_permission (id, name, content_type_id, codename) FROM stdin;
\.


--
-- Data for Name: django_admin_log; Type: TABLE DATA; Schema: public; Owner: kevin
--

COPY public.django_admin_log (id, action_time, object_id, object_repr, action_flag, change_message, content_type_id, user_id) FROM stdin;
\.


--
-- Data for Name: django_content_type; Type: TABLE DATA; Schema: public; Owner: kevin
--

COPY public.django_content_type (id, app_label, model) FROM stdin;
\.


--
-- Data for Name: django_migrations; Type: TABLE DATA; Schema: public; Owner: kevin
--

COPY public.django_migrations (id, app, name, applied) FROM stdin;
1	contenttypes	0001_initial	2024-02-15 15:02:26.495167+00
2	contenttypes	0002_remove_content_type_name	2024-02-15 15:02:26.500979+00
3	auth	0001_initial	2024-02-15 15:02:26.528391+00
4	auth	0002_alter_permission_name_max_length	2024-02-15 15:02:26.532106+00
5	auth	0003_alter_user_email_max_length	2024-02-15 15:02:26.536048+00
6	auth	0004_alter_user_username_opts	2024-02-15 15:02:26.539877+00
7	auth	0005_alter_user_last_login_null	2024-02-15 15:02:26.544484+00
8	auth	0006_require_contenttypes_0002	2024-02-15 15:02:26.545717+00
9	auth	0007_alter_validators_add_error_messages	2024-02-15 15:02:26.549417+00
10	auth	0008_alter_user_username_max_length	2024-02-15 15:02:26.554345+00
11	auth	0009_alter_user_last_name_max_length	2024-02-15 15:02:26.560931+00
12	auth	0010_alter_group_name_max_length	2024-02-15 15:02:26.566754+00
13	auth	0011_update_proxy_permissions	2024-02-15 15:02:26.570769+00
14	auth	0012_alter_user_first_name_max_length	2024-02-15 15:02:26.575106+00
15	users	0001_initial	2024-02-15 15:02:26.62146+00
16	admin	0001_initial	2024-02-15 15:02:26.646354+00
17	admin	0002_logentry_remove_auto_add	2024-02-15 15:02:26.651774+00
18	admin	0003_logentry_add_action_flag_choices	2024-02-15 15:02:26.656961+00
19	bikes	0001_initial	2024-02-15 15:02:26.663579+00
20	payout	0001_initial	2024-02-15 15:02:26.674574+00
21	payout	0002_alter_payout_id_payment	2024-02-15 15:02:26.685913+00
22	stations	0005_initial	2024-02-15 15:02:26.693334+00
23	stations	0006_alter_station_id	2024-02-15 15:02:26.702492+00
24	stations	0007_alter_station_table	2024-02-15 15:02:26.705214+00
25	stations	0008_alter_station_slug	2024-02-15 15:02:26.710892+00
26	slots	0001_initial	2024-02-15 15:02:26.720607+00
27	rent	0001_initial	2024-02-15 15:02:26.739832+00
28	rent	0002_rent_rent_id	2024-02-15 15:02:26.782825+00
29	rent	0003_alter_rent_end_date	2024-02-15 15:02:26.790905+00
30	rent	0004_alter_rent_amount	2024-02-15 15:02:26.799388+00
31	sessions	0001_initial	2024-02-15 15:02:26.807178+00
32	stations	0009_station_status	2024-02-15 15:02:26.811702+00
33	users	0002_user_balance	2024-02-15 15:02:26.820395+00
\.


--
-- Data for Name: django_session; Type: TABLE DATA; Schema: public; Owner: kevin
--

COPY public.django_session (session_key, session_data, expire_date) FROM stdin;
\.


--
-- Data for Name: rent_rent; Type: TABLE DATA; Schema: public; Owner: kevin
--

COPY public.rent_rent (id, start_date, end_date, amount, status, lat, lng, bike_id, collection_slot_id, return_slot_id, user_id, rent_id) FROM stdin;
\.


--
-- Data for Name: slots_slot; Type: TABLE DATA; Schema: public; Owner: kevin
--

COPY public.slots_slot (id, status, bike_id, station_id) FROM stdin;
361	used	361	73
362	used	362	73
363	used	363	73
364	used	364	73
365	used	365	73
366	used	366	74
367	used	367	74
368	used	368	74
369	used	369	74
370	used	370	74
371	used	371	75
372	used	372	75
373	used	373	75
374	used	374	75
375	used	375	75
376	used	376	76
377	used	377	76
378	used	378	76
379	used	379	76
380	used	380	76
381	used	381	77
382	used	382	77
383	used	383	77
384	used	384	77
385	used	385	77
386	used	386	78
387	used	387	78
388	used	388	78
389	used	389	78
390	used	390	78
391	used	391	79
392	used	392	79
393	used	393	79
394	used	394	79
395	used	395	79
396	used	396	80
397	used	397	80
398	used	398	80
399	used	399	80
400	used	400	80
401	used	401	81
402	used	402	81
403	used	403	81
404	used	404	81
405	used	405	81
\.


--
-- Data for Name: users_user; Type: TABLE DATA; Schema: public; Owner: kevin
--

COPY public.users_user (id, password, last_login, is_superuser, uuid, username, name, email, phone, role, is_staff, avatar, "countTokens", balance) FROM stdin;
49	pbkdf2_sha256$720000$pRYJltSI3HBaTwD7DOpgcz$ned0DYodTvFVEv2vbKjh4EknlhKaDnuM2LcMTdXROwM=	\N	t	7d2e0b14-3690-f978-ce87-40064ff881e9	guillem		guillem@gmail.com	123456789	Admin	t		0	0.00
50	pbkdf2_sha256$720000$q5AXjqHFWFx5N4dtvYMn5i$Udy5lSqqcuYDd7kPBOPY9EjrS0iNve8zi/yhnvMU0QM=	\N	t	302d32d2-0d39-237e-981f-3944dcaabd97	kevin		kevin@gmail.com	123456789	Admin	t		0	0.00
51	pbkdf2_sha256$720000$e1d5hwYzCRGZ9nULa1Ec8O$T7xNosxgjeYXO8VeuPeit8m2ih25V3JvtvL80xVXQmk=	\N	t	7919303a-af72-262c-473f-5fadcf91fab1	admin		admin@gmail.com	123456789	Admin	t		0	0.00
52	pbkdf2_sha256$720000$5mNFD3uo5aJDt3qMzCdtNm$x7LPgOru5cxbCQmemU/xcXJShLAM8b7dZRrimR77tyM=	\N	f	3058c7af-4776-6fc2-b1ac-c5974101a6df	miguel		miguel@gmail.com	123456789	Client	f		0	0.00
53	pbkdf2_sha256$720000$fo4knfBd0mOEbV19ZsqQy4$TPa3schs3yUgaj+p9eyAd5nbEnIMDOUQRCUDaD18HGY=	\N	f	cb8810c0-6e5f-16dc-d429-4eac6b6f036b	david		david@gmail.com	123456789	Client	f		0	0.00
54	pbkdf2_sha256$720000$rqM5U32NkQBo9TPeSLWhaU$6y9tDVJFY1GBxiIOtvUJcZE3FjpJPMCHd+fOZLz9jvY=	\N	f	d22e05d2-a083-4c34-a8a5-9a79790871ba	johan		johan@gmail.com	123456789	Client	f		0	0.00
\.


--
-- Data for Name: users_user_groups; Type: TABLE DATA; Schema: public; Owner: kevin
--

COPY public.users_user_groups (id, user_id, group_id) FROM stdin;
\.


--
-- Data for Name: users_user_user_permissions; Type: TABLE DATA; Schema: public; Owner: kevin
--

COPY public.users_user_user_permissions (id, user_id, permission_id) FROM stdin;
\.


--
-- Name: Bike_id_seq; Type: SEQUENCE SET; Schema: public; Owner: kevin
--

SELECT pg_catalog.setval('public."Bike_id_seq"', 405, true);


--
-- Name: auth_group_id_seq; Type: SEQUENCE SET; Schema: public; Owner: kevin
--

SELECT pg_catalog.setval('public.auth_group_id_seq', 1, false);


--
-- Name: auth_group_permissions_id_seq; Type: SEQUENCE SET; Schema: public; Owner: kevin
--

SELECT pg_catalog.setval('public.auth_group_permissions_id_seq', 1, false);


--
-- Name: auth_permission_id_seq; Type: SEQUENCE SET; Schema: public; Owner: kevin
--

SELECT pg_catalog.setval('public.auth_permission_id_seq', 396, true);


--
-- Name: django_admin_log_id_seq; Type: SEQUENCE SET; Schema: public; Owner: kevin
--

SELECT pg_catalog.setval('public.django_admin_log_id_seq', 1, false);


--
-- Name: django_content_type_id_seq; Type: SEQUENCE SET; Schema: public; Owner: kevin
--

SELECT pg_catalog.setval('public.django_content_type_id_seq', 99, true);


--
-- Name: django_migrations_id_seq; Type: SEQUENCE SET; Schema: public; Owner: kevin
--

SELECT pg_catalog.setval('public.django_migrations_id_seq', 33, true);


--
-- Name: rent_rent_id_seq; Type: SEQUENCE SET; Schema: public; Owner: kevin
--

SELECT pg_catalog.setval('public.rent_rent_id_seq', 1, false);


--
-- Name: slots_slot_id_seq; Type: SEQUENCE SET; Schema: public; Owner: kevin
--

SELECT pg_catalog.setval('public.slots_slot_id_seq', 405, true);


--
-- Name: stations_station_id_seq; Type: SEQUENCE SET; Schema: public; Owner: kevin
--

SELECT pg_catalog.setval('public.stations_station_id_seq', 81, true);


--
-- Name: users_user_groups_id_seq; Type: SEQUENCE SET; Schema: public; Owner: kevin
--

SELECT pg_catalog.setval('public.users_user_groups_id_seq', 1, false);


--
-- Name: users_user_id_seq; Type: SEQUENCE SET; Schema: public; Owner: kevin
--

SELECT pg_catalog.setval('public.users_user_id_seq', 54, true);


--
-- Name: users_user_user_permissions_id_seq; Type: SEQUENCE SET; Schema: public; Owner: kevin
--

SELECT pg_catalog.setval('public.users_user_user_permissions_id_seq', 1, false);


--
-- Name: Bike Bike_pkey; Type: CONSTRAINT; Schema: public; Owner: kevin
--

ALTER TABLE ONLY public."Bike"
    ADD CONSTRAINT "Bike_pkey" PRIMARY KEY (id);


--
-- Name: Bike Bike_slug_key; Type: CONSTRAINT; Schema: public; Owner: kevin
--

ALTER TABLE ONLY public."Bike"
    ADD CONSTRAINT "Bike_slug_key" UNIQUE (slug);


--
-- Name: Payout Payout_pkey; Type: CONSTRAINT; Schema: public; Owner: kevin
--

ALTER TABLE ONLY public."Payout"
    ADD CONSTRAINT "Payout_pkey" PRIMARY KEY (id_payment);


--
-- Name: auth_group auth_group_name_key; Type: CONSTRAINT; Schema: public; Owner: kevin
--

ALTER TABLE ONLY public.auth_group
    ADD CONSTRAINT auth_group_name_key UNIQUE (name);


--
-- Name: auth_group_permissions auth_group_permissions_group_id_permission_id_0cd325b0_uniq; Type: CONSTRAINT; Schema: public; Owner: kevin
--

ALTER TABLE ONLY public.auth_group_permissions
    ADD CONSTRAINT auth_group_permissions_group_id_permission_id_0cd325b0_uniq UNIQUE (group_id, permission_id);


--
-- Name: auth_group_permissions auth_group_permissions_pkey; Type: CONSTRAINT; Schema: public; Owner: kevin
--

ALTER TABLE ONLY public.auth_group_permissions
    ADD CONSTRAINT auth_group_permissions_pkey PRIMARY KEY (id);


--
-- Name: auth_group auth_group_pkey; Type: CONSTRAINT; Schema: public; Owner: kevin
--

ALTER TABLE ONLY public.auth_group
    ADD CONSTRAINT auth_group_pkey PRIMARY KEY (id);


--
-- Name: auth_permission auth_permission_content_type_id_codename_01ab375a_uniq; Type: CONSTRAINT; Schema: public; Owner: kevin
--

ALTER TABLE ONLY public.auth_permission
    ADD CONSTRAINT auth_permission_content_type_id_codename_01ab375a_uniq UNIQUE (content_type_id, codename);


--
-- Name: auth_permission auth_permission_pkey; Type: CONSTRAINT; Schema: public; Owner: kevin
--

ALTER TABLE ONLY public.auth_permission
    ADD CONSTRAINT auth_permission_pkey PRIMARY KEY (id);


--
-- Name: django_admin_log django_admin_log_pkey; Type: CONSTRAINT; Schema: public; Owner: kevin
--

ALTER TABLE ONLY public.django_admin_log
    ADD CONSTRAINT django_admin_log_pkey PRIMARY KEY (id);


--
-- Name: django_content_type django_content_type_app_label_model_76bd3d3b_uniq; Type: CONSTRAINT; Schema: public; Owner: kevin
--

ALTER TABLE ONLY public.django_content_type
    ADD CONSTRAINT django_content_type_app_label_model_76bd3d3b_uniq UNIQUE (app_label, model);


--
-- Name: django_content_type django_content_type_pkey; Type: CONSTRAINT; Schema: public; Owner: kevin
--

ALTER TABLE ONLY public.django_content_type
    ADD CONSTRAINT django_content_type_pkey PRIMARY KEY (id);


--
-- Name: django_migrations django_migrations_pkey; Type: CONSTRAINT; Schema: public; Owner: kevin
--

ALTER TABLE ONLY public.django_migrations
    ADD CONSTRAINT django_migrations_pkey PRIMARY KEY (id);


--
-- Name: django_session django_session_pkey; Type: CONSTRAINT; Schema: public; Owner: kevin
--

ALTER TABLE ONLY public.django_session
    ADD CONSTRAINT django_session_pkey PRIMARY KEY (session_key);


--
-- Name: rent_rent rent_rent_pkey; Type: CONSTRAINT; Schema: public; Owner: kevin
--

ALTER TABLE ONLY public.rent_rent
    ADD CONSTRAINT rent_rent_pkey PRIMARY KEY (id);


--
-- Name: rent_rent rent_rent_rent_id_key; Type: CONSTRAINT; Schema: public; Owner: kevin
--

ALTER TABLE ONLY public.rent_rent
    ADD CONSTRAINT rent_rent_rent_id_key UNIQUE (rent_id);


--
-- Name: slots_slot slots_slot_bike_id_key; Type: CONSTRAINT; Schema: public; Owner: kevin
--

ALTER TABLE ONLY public.slots_slot
    ADD CONSTRAINT slots_slot_bike_id_key UNIQUE (bike_id);


--
-- Name: slots_slot slots_slot_pkey; Type: CONSTRAINT; Schema: public; Owner: kevin
--

ALTER TABLE ONLY public.slots_slot
    ADD CONSTRAINT slots_slot_pkey PRIMARY KEY (id);


--
-- Name: Station stations_station_pkey; Type: CONSTRAINT; Schema: public; Owner: kevin
--

ALTER TABLE ONLY public."Station"
    ADD CONSTRAINT stations_station_pkey PRIMARY KEY (id);


--
-- Name: Station stations_station_slug_key; Type: CONSTRAINT; Schema: public; Owner: kevin
--

ALTER TABLE ONLY public."Station"
    ADD CONSTRAINT stations_station_slug_key UNIQUE (slug);


--
-- Name: users_user users_user_email_key; Type: CONSTRAINT; Schema: public; Owner: kevin
--

ALTER TABLE ONLY public.users_user
    ADD CONSTRAINT users_user_email_key UNIQUE (email);


--
-- Name: users_user_groups users_user_groups_pkey; Type: CONSTRAINT; Schema: public; Owner: kevin
--

ALTER TABLE ONLY public.users_user_groups
    ADD CONSTRAINT users_user_groups_pkey PRIMARY KEY (id);


--
-- Name: users_user_groups users_user_groups_user_id_group_id_b88eab82_uniq; Type: CONSTRAINT; Schema: public; Owner: kevin
--

ALTER TABLE ONLY public.users_user_groups
    ADD CONSTRAINT users_user_groups_user_id_group_id_b88eab82_uniq UNIQUE (user_id, group_id);


--
-- Name: users_user users_user_pkey; Type: CONSTRAINT; Schema: public; Owner: kevin
--

ALTER TABLE ONLY public.users_user
    ADD CONSTRAINT users_user_pkey PRIMARY KEY (id);


--
-- Name: users_user_user_permissions users_user_user_permissions_pkey; Type: CONSTRAINT; Schema: public; Owner: kevin
--

ALTER TABLE ONLY public.users_user_user_permissions
    ADD CONSTRAINT users_user_user_permissions_pkey PRIMARY KEY (id);


--
-- Name: users_user_user_permissions users_user_user_permissions_user_id_permission_id_43338c45_uniq; Type: CONSTRAINT; Schema: public; Owner: kevin
--

ALTER TABLE ONLY public.users_user_user_permissions
    ADD CONSTRAINT users_user_user_permissions_user_id_permission_id_43338c45_uniq UNIQUE (user_id, permission_id);


--
-- Name: users_user users_user_uuid_key; Type: CONSTRAINT; Schema: public; Owner: kevin
--

ALTER TABLE ONLY public.users_user
    ADD CONSTRAINT users_user_uuid_key UNIQUE (uuid);


--
-- Name: Bike_slug_224a9d96_like; Type: INDEX; Schema: public; Owner: kevin
--

CREATE INDEX "Bike_slug_224a9d96_like" ON public."Bike" USING btree (slug varchar_pattern_ops);


--
-- Name: Payout_id_user_id_633348ef; Type: INDEX; Schema: public; Owner: kevin
--

CREATE INDEX "Payout_id_user_id_633348ef" ON public."Payout" USING btree (id_user_id);


--
-- Name: auth_group_name_a6ea08ec_like; Type: INDEX; Schema: public; Owner: kevin
--

CREATE INDEX auth_group_name_a6ea08ec_like ON public.auth_group USING btree (name varchar_pattern_ops);


--
-- Name: auth_group_permissions_group_id_b120cbf9; Type: INDEX; Schema: public; Owner: kevin
--

CREATE INDEX auth_group_permissions_group_id_b120cbf9 ON public.auth_group_permissions USING btree (group_id);


--
-- Name: auth_group_permissions_permission_id_84c5c92e; Type: INDEX; Schema: public; Owner: kevin
--

CREATE INDEX auth_group_permissions_permission_id_84c5c92e ON public.auth_group_permissions USING btree (permission_id);


--
-- Name: auth_permission_content_type_id_2f476e4b; Type: INDEX; Schema: public; Owner: kevin
--

CREATE INDEX auth_permission_content_type_id_2f476e4b ON public.auth_permission USING btree (content_type_id);


--
-- Name: django_admin_log_content_type_id_c4bce8eb; Type: INDEX; Schema: public; Owner: kevin
--

CREATE INDEX django_admin_log_content_type_id_c4bce8eb ON public.django_admin_log USING btree (content_type_id);


--
-- Name: django_admin_log_user_id_c564eba6; Type: INDEX; Schema: public; Owner: kevin
--

CREATE INDEX django_admin_log_user_id_c564eba6 ON public.django_admin_log USING btree (user_id);


--
-- Name: django_session_expire_date_a5c62663; Type: INDEX; Schema: public; Owner: kevin
--

CREATE INDEX django_session_expire_date_a5c62663 ON public.django_session USING btree (expire_date);


--
-- Name: django_session_session_key_c0390e0f_like; Type: INDEX; Schema: public; Owner: kevin
--

CREATE INDEX django_session_session_key_c0390e0f_like ON public.django_session USING btree (session_key varchar_pattern_ops);


--
-- Name: rent_rent_bike_id_4ecb3af0; Type: INDEX; Schema: public; Owner: kevin
--

CREATE INDEX rent_rent_bike_id_4ecb3af0 ON public.rent_rent USING btree (bike_id);


--
-- Name: rent_rent_collection_slot_id_892d1882; Type: INDEX; Schema: public; Owner: kevin
--

CREATE INDEX rent_rent_collection_slot_id_892d1882 ON public.rent_rent USING btree (collection_slot_id);


--
-- Name: rent_rent_rent_id_dd730f42_like; Type: INDEX; Schema: public; Owner: kevin
--

CREATE INDEX rent_rent_rent_id_dd730f42_like ON public.rent_rent USING btree (rent_id varchar_pattern_ops);


--
-- Name: rent_rent_return_slot_id_4e9cf1cb; Type: INDEX; Schema: public; Owner: kevin
--

CREATE INDEX rent_rent_return_slot_id_4e9cf1cb ON public.rent_rent USING btree (return_slot_id);


--
-- Name: rent_rent_user_id_07f92b1b; Type: INDEX; Schema: public; Owner: kevin
--

CREATE INDEX rent_rent_user_id_07f92b1b ON public.rent_rent USING btree (user_id);


--
-- Name: slots_slot_station_id_3512b1bc; Type: INDEX; Schema: public; Owner: kevin
--

CREATE INDEX slots_slot_station_id_3512b1bc ON public.slots_slot USING btree (station_id);


--
-- Name: stations_station_slug_05a1011b_like; Type: INDEX; Schema: public; Owner: kevin
--

CREATE INDEX stations_station_slug_05a1011b_like ON public."Station" USING btree (slug varchar_pattern_ops);


--
-- Name: users_user_email_243f6e77_like; Type: INDEX; Schema: public; Owner: kevin
--

CREATE INDEX users_user_email_243f6e77_like ON public.users_user USING btree (email varchar_pattern_ops);


--
-- Name: users_user_groups_group_id_9afc8d0e; Type: INDEX; Schema: public; Owner: kevin
--

CREATE INDEX users_user_groups_group_id_9afc8d0e ON public.users_user_groups USING btree (group_id);


--
-- Name: users_user_groups_user_id_5f6f5a90; Type: INDEX; Schema: public; Owner: kevin
--

CREATE INDEX users_user_groups_user_id_5f6f5a90 ON public.users_user_groups USING btree (user_id);


--
-- Name: users_user_user_permissions_permission_id_0b93982e; Type: INDEX; Schema: public; Owner: kevin
--

CREATE INDEX users_user_user_permissions_permission_id_0b93982e ON public.users_user_user_permissions USING btree (permission_id);


--
-- Name: users_user_user_permissions_user_id_20aca447; Type: INDEX; Schema: public; Owner: kevin
--

CREATE INDEX users_user_user_permissions_user_id_20aca447 ON public.users_user_user_permissions USING btree (user_id);


--
-- Name: users_user_uuid_6fe513d7_like; Type: INDEX; Schema: public; Owner: kevin
--

CREATE INDEX users_user_uuid_6fe513d7_like ON public.users_user USING btree (uuid varchar_pattern_ops);


--
-- Name: Payout Payout_id_user_id_633348ef_fk_users_user_id; Type: FK CONSTRAINT; Schema: public; Owner: kevin
--

ALTER TABLE ONLY public."Payout"
    ADD CONSTRAINT "Payout_id_user_id_633348ef_fk_users_user_id" FOREIGN KEY (id_user_id) REFERENCES public.users_user(id) DEFERRABLE INITIALLY DEFERRED;


--
-- Name: auth_group_permissions auth_group_permissio_permission_id_84c5c92e_fk_auth_perm; Type: FK CONSTRAINT; Schema: public; Owner: kevin
--

ALTER TABLE ONLY public.auth_group_permissions
    ADD CONSTRAINT auth_group_permissio_permission_id_84c5c92e_fk_auth_perm FOREIGN KEY (permission_id) REFERENCES public.auth_permission(id) DEFERRABLE INITIALLY DEFERRED;


--
-- Name: auth_group_permissions auth_group_permissions_group_id_b120cbf9_fk_auth_group_id; Type: FK CONSTRAINT; Schema: public; Owner: kevin
--

ALTER TABLE ONLY public.auth_group_permissions
    ADD CONSTRAINT auth_group_permissions_group_id_b120cbf9_fk_auth_group_id FOREIGN KEY (group_id) REFERENCES public.auth_group(id) DEFERRABLE INITIALLY DEFERRED;


--
-- Name: auth_permission auth_permission_content_type_id_2f476e4b_fk_django_co; Type: FK CONSTRAINT; Schema: public; Owner: kevin
--

ALTER TABLE ONLY public.auth_permission
    ADD CONSTRAINT auth_permission_content_type_id_2f476e4b_fk_django_co FOREIGN KEY (content_type_id) REFERENCES public.django_content_type(id) DEFERRABLE INITIALLY DEFERRED;


--
-- Name: django_admin_log django_admin_log_content_type_id_c4bce8eb_fk_django_co; Type: FK CONSTRAINT; Schema: public; Owner: kevin
--

ALTER TABLE ONLY public.django_admin_log
    ADD CONSTRAINT django_admin_log_content_type_id_c4bce8eb_fk_django_co FOREIGN KEY (content_type_id) REFERENCES public.django_content_type(id) DEFERRABLE INITIALLY DEFERRED;


--
-- Name: django_admin_log django_admin_log_user_id_c564eba6_fk_users_user_id; Type: FK CONSTRAINT; Schema: public; Owner: kevin
--

ALTER TABLE ONLY public.django_admin_log
    ADD CONSTRAINT django_admin_log_user_id_c564eba6_fk_users_user_id FOREIGN KEY (user_id) REFERENCES public.users_user(id) DEFERRABLE INITIALLY DEFERRED;


--
-- Name: rent_rent rent_rent_bike_id_4ecb3af0_fk_Bike_id; Type: FK CONSTRAINT; Schema: public; Owner: kevin
--

ALTER TABLE ONLY public.rent_rent
    ADD CONSTRAINT "rent_rent_bike_id_4ecb3af0_fk_Bike_id" FOREIGN KEY (bike_id) REFERENCES public."Bike"(id) DEFERRABLE INITIALLY DEFERRED;


--
-- Name: rent_rent rent_rent_collection_slot_id_892d1882_fk_slots_slot_id; Type: FK CONSTRAINT; Schema: public; Owner: kevin
--

ALTER TABLE ONLY public.rent_rent
    ADD CONSTRAINT rent_rent_collection_slot_id_892d1882_fk_slots_slot_id FOREIGN KEY (collection_slot_id) REFERENCES public.slots_slot(id) DEFERRABLE INITIALLY DEFERRED;


--
-- Name: rent_rent rent_rent_return_slot_id_4e9cf1cb_fk_slots_slot_id; Type: FK CONSTRAINT; Schema: public; Owner: kevin
--

ALTER TABLE ONLY public.rent_rent
    ADD CONSTRAINT rent_rent_return_slot_id_4e9cf1cb_fk_slots_slot_id FOREIGN KEY (return_slot_id) REFERENCES public.slots_slot(id) DEFERRABLE INITIALLY DEFERRED;


--
-- Name: rent_rent rent_rent_user_id_07f92b1b_fk_users_user_id; Type: FK CONSTRAINT; Schema: public; Owner: kevin
--

ALTER TABLE ONLY public.rent_rent
    ADD CONSTRAINT rent_rent_user_id_07f92b1b_fk_users_user_id FOREIGN KEY (user_id) REFERENCES public.users_user(id) DEFERRABLE INITIALLY DEFERRED;


--
-- Name: slots_slot slots_slot_bike_id_2a9cf1fb_fk_Bike_id; Type: FK CONSTRAINT; Schema: public; Owner: kevin
--

ALTER TABLE ONLY public.slots_slot
    ADD CONSTRAINT "slots_slot_bike_id_2a9cf1fb_fk_Bike_id" FOREIGN KEY (bike_id) REFERENCES public."Bike"(id) DEFERRABLE INITIALLY DEFERRED;


--
-- Name: slots_slot slots_slot_station_id_3512b1bc_fk_Station_id; Type: FK CONSTRAINT; Schema: public; Owner: kevin
--

ALTER TABLE ONLY public.slots_slot
    ADD CONSTRAINT "slots_slot_station_id_3512b1bc_fk_Station_id" FOREIGN KEY (station_id) REFERENCES public."Station"(id) DEFERRABLE INITIALLY DEFERRED;


--
-- Name: users_user_groups users_user_groups_group_id_9afc8d0e_fk_auth_group_id; Type: FK CONSTRAINT; Schema: public; Owner: kevin
--

ALTER TABLE ONLY public.users_user_groups
    ADD CONSTRAINT users_user_groups_group_id_9afc8d0e_fk_auth_group_id FOREIGN KEY (group_id) REFERENCES public.auth_group(id) DEFERRABLE INITIALLY DEFERRED;


--
-- Name: users_user_groups users_user_groups_user_id_5f6f5a90_fk_users_user_id; Type: FK CONSTRAINT; Schema: public; Owner: kevin
--

ALTER TABLE ONLY public.users_user_groups
    ADD CONSTRAINT users_user_groups_user_id_5f6f5a90_fk_users_user_id FOREIGN KEY (user_id) REFERENCES public.users_user(id) DEFERRABLE INITIALLY DEFERRED;


--
-- Name: users_user_user_permissions users_user_user_perm_permission_id_0b93982e_fk_auth_perm; Type: FK CONSTRAINT; Schema: public; Owner: kevin
--

ALTER TABLE ONLY public.users_user_user_permissions
    ADD CONSTRAINT users_user_user_perm_permission_id_0b93982e_fk_auth_perm FOREIGN KEY (permission_id) REFERENCES public.auth_permission(id) DEFERRABLE INITIALLY DEFERRED;


--
-- Name: users_user_user_permissions users_user_user_permissions_user_id_20aca447_fk_users_user_id; Type: FK CONSTRAINT; Schema: public; Owner: kevin
--

ALTER TABLE ONLY public.users_user_user_permissions
    ADD CONSTRAINT users_user_user_permissions_user_id_20aca447_fk_users_user_id FOREIGN KEY (user_id) REFERENCES public.users_user(id) DEFERRABLE INITIALLY DEFERRED;


--
-- PostgreSQL database dump complete
--

