CREATE DATABASE trailblaze;


\c trailblaze;

-- Crear un usuario y asignarle privilegios
-- CREATE USER kevin WITH PASSWORD '1234';
ALTER ROLE kevin SET client_encoding TO 'utf8';
ALTER ROLE kevin SET default_transaction_isolation TO 'read committed';
ALTER ROLE kevin SET timezone TO 'UTC';
GRANT ALL PRIVILEGES ON DATABASE trailblaze TO kevin;--
-- PostgreSQL database dump
--

-- Dumped from database version 15.6 (Debian 15.6-1.pgdg120+2)
-- Dumped by pg_dump version 15.6 (Debian 15.6-0+deb12u1)

SET statement_timeout = 0;
SET lock_timeout = 0;
SET idle_in_transaction_session_timeout = 0;
SET client_encoding = 'UTF8';
SET standard_conforming_strings = on;
SELECT pg_catalog.set_config('search_path', '', false);
SET check_function_bodies = false;
SET xmloption = content;
SET client_min_messages = warning;
SET row_security = off;

SET default_tablespace = '';

SET default_table_access_method = heap;

--
-- Name: Bike; Type: TABLE; Schema: public; Owner: kevin
--

CREATE TABLE public."Bike" (
    id bigint NOT NULL,
    bike_type character varying(50) NOT NULL,
    slug character varying(150) NOT NULL,
    gps character varying(150) NOT NULL
);


ALTER TABLE public."Bike" OWNER TO kevin;

--
-- Name: Bike_id_seq; Type: SEQUENCE; Schema: public; Owner: kevin
--

ALTER TABLE public."Bike" ALTER COLUMN id ADD GENERATED BY DEFAULT AS IDENTITY (
    SEQUENCE NAME public."Bike_id_seq"
    START WITH 1
    INCREMENT BY 1
    NO MINVALUE
    NO MAXVALUE
    CACHE 1
);


--
-- Name: Payout; Type: TABLE; Schema: public; Owner: kevin
--

CREATE TABLE public."Payout" (
    id_payment character varying(36) NOT NULL,
    amount numeric(10,2) NOT NULL,
    date timestamp with time zone NOT NULL,
    id_user_id bigint NOT NULL
);


ALTER TABLE public."Payout" OWNER TO kevin;

--
-- Name: Station; Type: TABLE; Schema: public; Owner: kevin
--

CREATE TABLE public."Station" (
    id bigint NOT NULL,
    slug character varying(150) NOT NULL,
    station_name character varying(50) NOT NULL,
    description character varying(100) NOT NULL,
    address character varying(100) NOT NULL,
    lat character varying(150) NOT NULL,
    lng character varying(150) NOT NULL,
    capacity integer NOT NULL,
    image character varying(150) NOT NULL,
    status character varying(100) NOT NULL
);


ALTER TABLE public."Station" OWNER TO kevin;

--
-- Name: auth_group; Type: TABLE; Schema: public; Owner: kevin
--

CREATE TABLE public.auth_group (
    id integer NOT NULL,
    name character varying(150) NOT NULL
);


ALTER TABLE public.auth_group OWNER TO kevin;

--
-- Name: auth_group_id_seq; Type: SEQUENCE; Schema: public; Owner: kevin
--

ALTER TABLE public.auth_group ALTER COLUMN id ADD GENERATED BY DEFAULT AS IDENTITY (
    SEQUENCE NAME public.auth_group_id_seq
    START WITH 1
    INCREMENT BY 1
    NO MINVALUE
    NO MAXVALUE
    CACHE 1
);


--
-- Name: auth_group_permissions; Type: TABLE; Schema: public; Owner: kevin
--

CREATE TABLE public.auth_group_permissions (
    id bigint NOT NULL,
    group_id integer NOT NULL,
    permission_id integer NOT NULL
);


ALTER TABLE public.auth_group_permissions OWNER TO kevin;

--
-- Name: auth_group_permissions_id_seq; Type: SEQUENCE; Schema: public; Owner: kevin
--

ALTER TABLE public.auth_group_permissions ALTER COLUMN id ADD GENERATED BY DEFAULT AS IDENTITY (
    SEQUENCE NAME public.auth_group_permissions_id_seq
    START WITH 1
    INCREMENT BY 1
    NO MINVALUE
    NO MAXVALUE
    CACHE 1
);


--
-- Name: auth_permission; Type: TABLE; Schema: public; Owner: kevin
--

CREATE TABLE public.auth_permission (
    id integer NOT NULL,
    name character varying(255) NOT NULL,
    content_type_id integer NOT NULL,
    codename character varying(100) NOT NULL
);


ALTER TABLE public.auth_permission OWNER TO kevin;

--
-- Name: auth_permission_id_seq; Type: SEQUENCE; Schema: public; Owner: kevin
--

ALTER TABLE public.auth_permission ALTER COLUMN id ADD GENERATED BY DEFAULT AS IDENTITY (
    SEQUENCE NAME public.auth_permission_id_seq
    START WITH 1
    INCREMENT BY 1
    NO MINVALUE
    NO MAXVALUE
    CACHE 1
);


--
-- Name: django_admin_log; Type: TABLE; Schema: public; Owner: kevin
--

CREATE TABLE public.django_admin_log (
    id integer NOT NULL,
    action_time timestamp with time zone NOT NULL,
    object_id text,
    object_repr character varying(200) NOT NULL,
    action_flag smallint NOT NULL,
    change_message text NOT NULL,
    content_type_id integer,
    user_id bigint NOT NULL,
    CONSTRAINT django_admin_log_action_flag_check CHECK ((action_flag >= 0))
);


ALTER TABLE public.django_admin_log OWNER TO kevin;

--
-- Name: django_admin_log_id_seq; Type: SEQUENCE; Schema: public; Owner: kevin
--

ALTER TABLE public.django_admin_log ALTER COLUMN id ADD GENERATED BY DEFAULT AS IDENTITY (
    SEQUENCE NAME public.django_admin_log_id_seq
    START WITH 1
    INCREMENT BY 1
    NO MINVALUE
    NO MAXVALUE
    CACHE 1
);


--
-- Name: django_content_type; Type: TABLE; Schema: public; Owner: kevin
--

CREATE TABLE public.django_content_type (
    id integer NOT NULL,
    app_label character varying(100) NOT NULL,
    model character varying(100) NOT NULL
);


ALTER TABLE public.django_content_type OWNER TO kevin;

--
-- Name: django_content_type_id_seq; Type: SEQUENCE; Schema: public; Owner: kevin
--

ALTER TABLE public.django_content_type ALTER COLUMN id ADD GENERATED BY DEFAULT AS IDENTITY (
    SEQUENCE NAME public.django_content_type_id_seq
    START WITH 1
    INCREMENT BY 1
    NO MINVALUE
    NO MAXVALUE
    CACHE 1
);


--
-- Name: django_migrations; Type: TABLE; Schema: public; Owner: kevin
--

CREATE TABLE public.django_migrations (
    id bigint NOT NULL,
    app character varying(255) NOT NULL,
    name character varying(255) NOT NULL,
    applied timestamp with time zone NOT NULL
);


ALTER TABLE public.django_migrations OWNER TO kevin;

--
-- Name: django_migrations_id_seq; Type: SEQUENCE; Schema: public; Owner: kevin
--

ALTER TABLE public.django_migrations ALTER COLUMN id ADD GENERATED BY DEFAULT AS IDENTITY (
    SEQUENCE NAME public.django_migrations_id_seq
    START WITH 1
    INCREMENT BY 1
    NO MINVALUE
    NO MAXVALUE
    CACHE 1
);


--
-- Name: django_session; Type: TABLE; Schema: public; Owner: kevin
--

CREATE TABLE public.django_session (
    session_key character varying(40) NOT NULL,
    session_data text NOT NULL,
    expire_date timestamp with time zone NOT NULL
);


ALTER TABLE public.django_session OWNER TO kevin;

--
-- Name: rent_rent; Type: TABLE; Schema: public; Owner: kevin
--

CREATE TABLE public.rent_rent (
    id bigint NOT NULL,
    start_date timestamp with time zone NOT NULL,
    end_date timestamp with time zone NOT NULL,
    amount numeric(10,2) NOT NULL,
    status character varying(50) NOT NULL,
    lat character varying(150) NOT NULL,
    lng character varying(150) NOT NULL,
    bike_id bigint NOT NULL,
    collection_slot_id bigint NOT NULL,
    return_slot_id bigint NOT NULL,
    user_id bigint NOT NULL,
    rent_id character varying(36) NOT NULL
);


ALTER TABLE public.rent_rent OWNER TO kevin;

--
-- Name: rent_rent_id_seq; Type: SEQUENCE; Schema: public; Owner: kevin
--

ALTER TABLE public.rent_rent ALTER COLUMN id ADD GENERATED BY DEFAULT AS IDENTITY (
    SEQUENCE NAME public.rent_rent_id_seq
    START WITH 1
    INCREMENT BY 1
    NO MINVALUE
    NO MAXVALUE
    CACHE 1
);


--
-- Name: slots_slot; Type: TABLE; Schema: public; Owner: kevin
--

CREATE TABLE public.slots_slot (
    id bigint NOT NULL,
    status character varying(200) NOT NULL,
    bike_id bigint,
    station_id bigint NOT NULL
);


ALTER TABLE public.slots_slot OWNER TO kevin;

--
-- Name: slots_slot_id_seq; Type: SEQUENCE; Schema: public; Owner: kevin
--

ALTER TABLE public.slots_slot ALTER COLUMN id ADD GENERATED BY DEFAULT AS IDENTITY (
    SEQUENCE NAME public.slots_slot_id_seq
    START WITH 1
    INCREMENT BY 1
    NO MINVALUE
    NO MAXVALUE
    CACHE 1
);


--
-- Name: stations_station_id_seq; Type: SEQUENCE; Schema: public; Owner: kevin
--

ALTER TABLE public."Station" ALTER COLUMN id ADD GENERATED BY DEFAULT AS IDENTITY (
    SEQUENCE NAME public.stations_station_id_seq
    START WITH 1
    INCREMENT BY 1
    NO MINVALUE
    NO MAXVALUE
    CACHE 1
);


--
-- Name: users_user; Type: TABLE; Schema: public; Owner: kevin
--

CREATE TABLE public.users_user (
    id bigint NOT NULL,
    password character varying(128) NOT NULL,
    last_login timestamp with time zone,
    is_superuser boolean NOT NULL,
    uuid character varying(36) NOT NULL,
    username character varying(40) NOT NULL,
    name character varying(40) NOT NULL,
    email character varying(254) NOT NULL,
    phone character varying(9) NOT NULL,
    role character varying(15) NOT NULL,
    is_staff boolean NOT NULL,
    avatar character varying(255) NOT NULL,
    "countTokens" integer NOT NULL,
    balance numeric(10,2) NOT NULL
);


ALTER TABLE public.users_user OWNER TO kevin;

--
-- Name: users_user_groups; Type: TABLE; Schema: public; Owner: kevin
--

CREATE TABLE public.users_user_groups (
    id bigint NOT NULL,
    user_id bigint NOT NULL,
    group_id integer NOT NULL
);


ALTER TABLE public.users_user_groups OWNER TO kevin;

--
-- Name: users_user_groups_id_seq; Type: SEQUENCE; Schema: public; Owner: kevin
--

ALTER TABLE public.users_user_groups ALTER COLUMN id ADD GENERATED BY DEFAULT AS IDENTITY (
    SEQUENCE NAME public.users_user_groups_id_seq
    START WITH 1
    INCREMENT BY 1
    NO MINVALUE
    NO MAXVALUE
    CACHE 1
);


--
-- Name: users_user_id_seq; Type: SEQUENCE; Schema: public; Owner: kevin
--

ALTER TABLE public.users_user ALTER COLUMN id ADD GENERATED BY DEFAULT AS IDENTITY (
    SEQUENCE NAME public.users_user_id_seq
    START WITH 1
    INCREMENT BY 1
    NO MINVALUE
    NO MAXVALUE
    CACHE 1
);


--
-- Name: users_user_user_permissions; Type: TABLE; Schema: public; Owner: kevin
--

CREATE TABLE public.users_user_user_permissions (
    id bigint NOT NULL,
    user_id bigint NOT NULL,
    permission_id integer NOT NULL
);


ALTER TABLE public.users_user_user_permissions OWNER TO kevin;

--
-- Name: users_user_user_permissions_id_seq; Type: SEQUENCE; Schema: public; Owner: kevin
--

ALTER TABLE public.users_user_user_permissions ALTER COLUMN id ADD GENERATED BY DEFAULT AS IDENTITY (
    SEQUENCE NAME public.users_user_user_permissions_id_seq
    START WITH 1
    INCREMENT BY 1
    NO MINVALUE
    NO MAXVALUE
    CACHE 1
);


--
-- Data for Name: Bike; Type: TABLE DATA; Schema: public; Owner: kevin
--

COPY public."Bike" (id, bike_type, slug, gps) FROM stdin;
91	bmx	bmx-arj6u7	38.82018059977002,-0.6029612830128839
92	recumbent	recumbent-cqtg5u	38.82018059977002,-0.6029612830128839
93	recumbent	recumbent-ro1xgb	38.82018059977002,-0.6029612830128839
94	folding	folding-tgz70h	38.82018059977002,-0.6029612830128839
95	tricycle	tricycle-2arm19	38.82018059977002,-0.6029612830128839
96	mountain	mountain-pwd3v2	38.81828554278073,-0.6043501152928811
97	recumbent	recumbent-4adken	38.81828554278073,-0.6043501152928811
98	recumbent	recumbent-halydi	38.81828554278073,-0.6043501152928811
99	city	city-u1u5t0	38.81828554278073,-0.6043501152928811
100	tandem	tandem-62q7mb	38.81828554278073,-0.6043501152928811
101	hybrid	hybrid-2rw977	38.810286665108876,-0.6035119775403537
102	electric	electric-vaiz16	38.810286665108876,-0.6035119775403537
103	hybrid	hybrid-s3fq4e	38.810286665108876,-0.6035119775403537
104	road	road-0e4nvq	38.810286665108876,-0.6035119775403537
105	hybrid	hybrid-emazfk	38.810286665108876,-0.6035119775403537
106	trial	trial-2xxu75	38.81074626514784,-0.6106678917566789
107	cyclocross	cyclocross-profcw	38.81074626514784,-0.6106678917566789
108	folding	folding-0kqj2t	38.81074626514784,-0.6106678917566789
109	trial	trial-4ldx3p	38.81074626514784,-0.6106678917566789
110	tricycle	tricycle-9xme4d	38.81074626514784,-0.6106678917566789
111	unicycle	unicycle-xrxjfi	38.798755071798176,-0.6120636405835954
112	city	city-2g6cy6	38.798755071798176,-0.6120636405835954
113	unicycle	unicycle-ryq6o9	38.798755071798176,-0.6120636405835954
114	hybrid	hybrid-5uc2du	38.798755071798176,-0.6120636405835954
115	trial	trial-rcn3g7	38.798755071798176,-0.6120636405835954
116	mountain	mountain-s793kr	38.82454003132385,-0.6027581054078655
117	bmx	bmx-kzswlk	38.82454003132385,-0.6027581054078655
118	cruiser	cruiser-xdnp23	38.82454003132385,-0.6027581054078655
119	recumbent	recumbent-rmzoif	38.82454003132385,-0.6027581054078655
120	unicycle	unicycle-tn03rt	38.82454003132385,-0.6027581054078655
121	trial	trial-y1xmkv	38.826637773970454,-0.6141585414265855
122	tandem	tandem-6ew71z	38.826637773970454,-0.6141585414265855
123	folding	folding-9uw926	38.826637773970454,-0.6141585414265855
124	recumbent	recumbent-zim9i2	38.826637773970454,-0.6141585414265855
125	tandem	tandem-xvcvdz	38.826637773970454,-0.6141585414265855
126	cyclocross	cyclocross-9wak4g	38.82177246263011,-0.5969750108857443
127	tricycle	tricycle-93qdpx	38.82177246263011,-0.5969750108857443
128	unicycle	unicycle-9dyxfi	38.82177246263011,-0.5969750108857443
129	city	city-qtptud	38.82177246263011,-0.5969750108857443
130	cruiser	cruiser-r8ku8k	38.82177246263011,-0.5969750108857443
131	recumbent	recumbent-r4di6h	38.82741089220847,-0.5832476612271636
132	city	city-6ze7a8	38.82741089220847,-0.5832476612271636
133	folding	folding-1c1eal	38.82741089220847,-0.5832476612271636
134	cruiser	cruiser-gcpeux	38.82741089220847,-0.5832476612271636
135	electric	electric-xfjgru	38.82741089220847,-0.5832476612271636
136	electric	electric-c3124p	38.82018059977002,-0.6029612830128839
137	electric	electric-wk6nog	38.82018059977002,-0.6029612830128839
138	hybrid	hybrid-i4fhyo	38.82018059977002,-0.6029612830128839
139	cyclocross	cyclocross-9rokiz	38.82018059977002,-0.6029612830128839
140	tandem	tandem-18wop3	38.82018059977002,-0.6029612830128839
141	recumbent	recumbent-3s694b	38.81828554278073,-0.6043501152928811
142	mountain	mountain-fhb7wc	38.81828554278073,-0.6043501152928811
143	tandem	tandem-ow03g9	38.81828554278073,-0.6043501152928811
144	road	road-4fctbm	38.81828554278073,-0.6043501152928811
145	recumbent	recumbent-wkfoza	38.81828554278073,-0.6043501152928811
146	folding	folding-3b47to	38.810286665108876,-0.6035119775403537
147	bmx	bmx-iclkq4	38.810286665108876,-0.6035119775403537
148	trial	trial-1ik5p6	38.810286665108876,-0.6035119775403537
149	unicycle	unicycle-iitqyo	38.810286665108876,-0.6035119775403537
150	tricycle	tricycle-ofn0wm	38.810286665108876,-0.6035119775403537
151	road	road-tt0uoc	38.81074626514784,-0.6106678917566789
152	folding	folding-yum783	38.81074626514784,-0.6106678917566789
153	hybrid	hybrid-op6rsg	38.81074626514784,-0.6106678917566789
154	cruiser	cruiser-alrm5q	38.81074626514784,-0.6106678917566789
155	folding	folding-s9q35q	38.81074626514784,-0.6106678917566789
156	tricycle	tricycle-qp5lpd	38.798755071798176,-0.6120636405835954
157	bmx	bmx-tsaxwy	38.798755071798176,-0.6120636405835954
158	cruiser	cruiser-dgglen	38.798755071798176,-0.6120636405835954
159	cyclocross	cyclocross-mi09ko	38.798755071798176,-0.6120636405835954
160	cyclocross	cyclocross-zo7f3c	38.798755071798176,-0.6120636405835954
161	trial	trial-3eeix5	38.82454003132385,-0.6027581054078655
162	tandem	tandem-i8p9q5	38.82454003132385,-0.6027581054078655
163	electric	electric-2hcvlx	38.82454003132385,-0.6027581054078655
164	tandem	tandem-znbg4y	38.82454003132385,-0.6027581054078655
165	hybrid	hybrid-ss2ff8	38.82454003132385,-0.6027581054078655
166	folding	folding-8jfnmq	38.826637773970454,-0.6141585414265855
167	recumbent	recumbent-oy0z6v	38.826637773970454,-0.6141585414265855
168	city	city-7pvtk9	38.826637773970454,-0.6141585414265855
169	road	road-lb5a6v	38.826637773970454,-0.6141585414265855
170	city	city-2nolt0	38.826637773970454,-0.6141585414265855
171	recumbent	recumbent-s308as	38.82177246263011,-0.5969750108857443
172	tandem	tandem-gk6rs8	38.82177246263011,-0.5969750108857443
173	unicycle	unicycle-eo9wrz	38.82177246263011,-0.5969750108857443
174	tricycle	tricycle-280ap7	38.82177246263011,-0.5969750108857443
175	electric	electric-2bpxbz	38.82177246263011,-0.5969750108857443
176	tandem	tandem-16slyi	38.82741089220847,-0.5832476612271636
177	road	road-dmdrr0	38.82741089220847,-0.5832476612271636
178	electric	electric-5kfkpv	38.82741089220847,-0.5832476612271636
179	tricycle	tricycle-o9vey7	38.82741089220847,-0.5832476612271636
180	bmx	bmx-ds08r0	38.82741089220847,-0.5832476612271636
181	recumbent	recumbent-48m4ge	38.82018059977002,-0.6029612830128839
182	folding	folding-xipnif	38.82018059977002,-0.6029612830128839
183	mountain	mountain-zflap5	38.82018059977002,-0.6029612830128839
184	bmx	bmx-iko8zj	38.82018059977002,-0.6029612830128839
185	road	road-8u4pvp	38.82018059977002,-0.6029612830128839
186	cyclocross	cyclocross-94qhde	38.81828554278073,-0.6043501152928811
187	trial	trial-z32i5t	38.81828554278073,-0.6043501152928811
188	city	city-5mw3cy	38.81828554278073,-0.6043501152928811
189	cyclocross	cyclocross-2y8ui4	38.81828554278073,-0.6043501152928811
190	tricycle	tricycle-2uwh6c	38.81828554278073,-0.6043501152928811
191	cyclocross	cyclocross-fgw57q	38.810286665108876,-0.6035119775403537
192	cruiser	cruiser-nbpsme	38.810286665108876,-0.6035119775403537
193	city	city-vmsh9e	38.810286665108876,-0.6035119775403537
194	road	road-bfycq5	38.810286665108876,-0.6035119775403537
195	bmx	bmx-xi3adh	38.810286665108876,-0.6035119775403537
196	cyclocross	cyclocross-7v7hki	38.81074626514784,-0.6106678917566789
197	bmx	bmx-68e150	38.81074626514784,-0.6106678917566789
198	road	road-hcdj14	38.81074626514784,-0.6106678917566789
199	cyclocross	cyclocross-2mefyj	38.81074626514784,-0.6106678917566789
200	unicycle	unicycle-kvsy88	38.81074626514784,-0.6106678917566789
201	mountain	mountain-vzg8ic	38.798755071798176,-0.6120636405835954
202	hybrid	hybrid-if3dv1	38.798755071798176,-0.6120636405835954
203	tandem	tandem-xu6znd	38.798755071798176,-0.6120636405835954
204	road	road-zwlln3	38.798755071798176,-0.6120636405835954
205	hybrid	hybrid-hy1iat	38.798755071798176,-0.6120636405835954
206	tandem	tandem-r2yjn5	38.82454003132385,-0.6027581054078655
207	city	city-0q0utp	38.82454003132385,-0.6027581054078655
208	electric	electric-5k23c1	38.82454003132385,-0.6027581054078655
209	city	city-py240j	38.82454003132385,-0.6027581054078655
210	city	city-16vy1x	38.82454003132385,-0.6027581054078655
211	cruiser	cruiser-q381w6	38.826637773970454,-0.6141585414265855
212	recumbent	recumbent-0fp96t	38.826637773970454,-0.6141585414265855
213	mountain	mountain-akgoa4	38.826637773970454,-0.6141585414265855
214	city	city-vp9e0x	38.826637773970454,-0.6141585414265855
215	bmx	bmx-kgbgdq	38.826637773970454,-0.6141585414265855
216	folding	folding-u1xk1r	38.82177246263011,-0.5969750108857443
217	recumbent	recumbent-k5dqqc	38.82177246263011,-0.5969750108857443
218	road	road-9w4uq3	38.82177246263011,-0.5969750108857443
219	trial	trial-vcv255	38.82177246263011,-0.5969750108857443
220	cyclocross	cyclocross-ciqutv	38.82177246263011,-0.5969750108857443
221	folding	folding-sgbgh1	38.82741089220847,-0.5832476612271636
222	unicycle	unicycle-yaty64	38.82741089220847,-0.5832476612271636
223	tandem	tandem-ev6sby	38.82741089220847,-0.5832476612271636
224	cyclocross	cyclocross-h3gdqc	38.82741089220847,-0.5832476612271636
225	cruiser	cruiser-jc6hob	38.82741089220847,-0.5832476612271636
226	bmx	bmx-0o60lq	38.82018059977002,-0.6029612830128839
227	cruiser	cruiser-lpd55g	38.82018059977002,-0.6029612830128839
228	mountain	mountain-rmg7du	38.82018059977002,-0.6029612830128839
229	cyclocross	cyclocross-98vgel	38.82018059977002,-0.6029612830128839
230	road	road-1081rx	38.82018059977002,-0.6029612830128839
231	hybrid	hybrid-h4d9pj	38.81828554278073,-0.6043501152928811
232	trial	trial-uj5jpp	38.81828554278073,-0.6043501152928811
233	hybrid	hybrid-ixfij0	38.81828554278073,-0.6043501152928811
234	mountain	mountain-350z5z	38.81828554278073,-0.6043501152928811
235	hybrid	hybrid-s02a9u	38.81828554278073,-0.6043501152928811
236	city	city-01pijx	38.810286665108876,-0.6035119775403537
237	trial	trial-hbi5ed	38.810286665108876,-0.6035119775403537
238	hybrid	hybrid-ll33dy	38.810286665108876,-0.6035119775403537
239	mountain	mountain-0sontc	38.810286665108876,-0.6035119775403537
240	city	city-fi03d5	38.810286665108876,-0.6035119775403537
241	recumbent	recumbent-bz6t8p	38.81074626514784,-0.6106678917566789
242	mountain	mountain-my9bfi	38.81074626514784,-0.6106678917566789
243	electric	electric-a9z93k	38.81074626514784,-0.6106678917566789
244	bmx	bmx-si1pct	38.81074626514784,-0.6106678917566789
245	recumbent	recumbent-wmhakv	38.81074626514784,-0.6106678917566789
246	road	road-w6kmd5	38.798755071798176,-0.6120636405835954
247	bmx	bmx-6mm776	38.798755071798176,-0.6120636405835954
248	recumbent	recumbent-4h76b1	38.798755071798176,-0.6120636405835954
249	city	city-0x81p3	38.798755071798176,-0.6120636405835954
250	electric	electric-pi11g2	38.798755071798176,-0.6120636405835954
251	unicycle	unicycle-gr82pt	38.82454003132385,-0.6027581054078655
252	mountain	mountain-qsequx	38.82454003132385,-0.6027581054078655
253	bmx	bmx-6qj663	38.82454003132385,-0.6027581054078655
254	tricycle	tricycle-bdvcvf	38.82454003132385,-0.6027581054078655
255	tandem	tandem-3kil1r	38.82454003132385,-0.6027581054078655
256	tandem	tandem-cllxlc	38.826637773970454,-0.6141585414265855
257	trial	trial-a91mct	38.826637773970454,-0.6141585414265855
258	folding	folding-gi6rvn	38.826637773970454,-0.6141585414265855
259	folding	folding-xwni8n	38.826637773970454,-0.6141585414265855
260	hybrid	hybrid-e6hjcu	38.826637773970454,-0.6141585414265855
261	folding	folding-skwieh	38.82177246263011,-0.5969750108857443
262	unicycle	unicycle-rtqqvs	38.82177246263011,-0.5969750108857443
263	tricycle	tricycle-bxd8nq	38.82177246263011,-0.5969750108857443
264	trial	trial-vhvcn8	38.82177246263011,-0.5969750108857443
265	folding	folding-cakoy7	38.82177246263011,-0.5969750108857443
266	electric	electric-h3jvd4	38.82741089220847,-0.5832476612271636
267	electric	electric-jsupcm	38.82741089220847,-0.5832476612271636
268	road	road-dftjjw	38.82741089220847,-0.5832476612271636
269	hybrid	hybrid-2f09qe	38.82741089220847,-0.5832476612271636
270	hybrid	hybrid-ywc5la	38.82741089220847,-0.5832476612271636
\.


--
-- Data for Name: Payout; Type: TABLE DATA; Schema: public; Owner: kevin
--

COPY public."Payout" (id_payment, amount, date, id_user_id) FROM stdin;
\.


--
-- Data for Name: Station; Type: TABLE DATA; Schema: public; Owner: kevin
--

COPY public."Station" (id, slug, station_name, description, address, lat, lng, capacity, image, status) FROM stdin;
19	hospital-general-iqi7hq	Hospital General	Hospital general	Avinguda de Francisco Cerdà, 3, 46870 Ontinyent, Valencia	38.82018059977002	-0.6029612830128839	0	https://picsum.photos/200/300	Active
20	estacion-de-servicio-repsol-i4a05h	Estación de Servicio Repsol	Description 2	Carrer del Dos de Maig, 207, D, 46870 Ontinyent, Valencia	38.81828554278073	-0.6043501152928811	0	https://picsum.photos/200/300	Active
21	ies-la-estacion-gyoe75	IES La Estación	Description 3	Ctra. ESTACIÓ, S/N, 46870 Ontinyent, Valencia	38.810286665108876	-0.6035119775403537	0	https://picsum.photos/200/300	Active
22	polideportivo-municipal-5hw930	Polideportivo Municipal	Description 4	Carrer Vicent Lluís Montés Penadés, S/N, 46870 Ontinyent, Valencia	38.81074626514784	-0.6106678917566789	0	https://picsum.photos/200/300	Active
23	pou-clar-l6yhi8	Pou Clar	Description 5	CV-81, 46870 Ontinyent, Valencia	38.798755071798176	-0.6120636405835954	0	https://picsum.photos/200/300	Active
24	el-teler-v39dzv	El Teler	Description 6	Carrer del Pintor Josep Segrelles, 1, 46870 Ontinyent, Valencia	38.82454003132385	-0.6027581054078655	0	https://picsum.photos/200/300	Active
25	ies-pou-clar-y1xkpq	IES Pou Clar	Description 7	Av. Vicente Gironés, 16, 46870 Ontinyent, Valencia	38.826637773970454	-0.6141585414265855	0	https://picsum.photos/200/300	Active
26	ies-jaume-i-8dfrr9	IES Jaume I	Description 8	Av. de, Av. dAlbaida, 23, 46870 Ontinyent, Valencia	38.82177246263011	-0.5969750108857443	0	https://picsum.photos/200/300	Active
27	family-cash-7xwq1v	Family Cash	Description 9	Av. del Textil, 56, 46870 Ontinyent, Valencia	38.82741089220847	-0.5832476612271636	0	https://picsum.photos/200/300	Active
28	hospital-general-yo1ai8	Hospital General	Hospital general	Avinguda de Francisco Cerdà, 3, 46870 Ontinyent, Valencia	38.82018059977002	-0.6029612830128839	0	https://picsum.photos/200/300	Active
29	estacion-de-servicio-repsol-zn75hb	Estación de Servicio Repsol	Description 2	Carrer del Dos de Maig, 207, D, 46870 Ontinyent, Valencia	38.81828554278073	-0.6043501152928811	0	https://picsum.photos/200/300	Active
30	ies-la-estacion-jphkaq	IES La Estación	Description 3	Ctra. ESTACIÓ, S/N, 46870 Ontinyent, Valencia	38.810286665108876	-0.6035119775403537	0	https://picsum.photos/200/300	Active
31	polideportivo-municipal-ssgyjx	Polideportivo Municipal	Description 4	Carrer Vicent Lluís Montés Penadés, S/N, 46870 Ontinyent, Valencia	38.81074626514784	-0.6106678917566789	0	https://picsum.photos/200/300	Active
32	pou-clar-6you0e	Pou Clar	Description 5	CV-81, 46870 Ontinyent, Valencia	38.798755071798176	-0.6120636405835954	0	https://picsum.photos/200/300	Active
33	el-teler-rkptit	El Teler	Description 6	Carrer del Pintor Josep Segrelles, 1, 46870 Ontinyent, Valencia	38.82454003132385	-0.6027581054078655	0	https://picsum.photos/200/300	Active
34	ies-pou-clar-dyxiz9	IES Pou Clar	Description 7	Av. Vicente Gironés, 16, 46870 Ontinyent, Valencia	38.826637773970454	-0.6141585414265855	0	https://picsum.photos/200/300	Active
35	ies-jaume-i-d9ffgt	IES Jaume I	Description 8	Av. de, Av. dAlbaida, 23, 46870 Ontinyent, Valencia	38.82177246263011	-0.5969750108857443	0	https://picsum.photos/200/300	Active
36	family-cash-ab9ykr	Family Cash	Description 9	Av. del Textil, 56, 46870 Ontinyent, Valencia	38.82741089220847	-0.5832476612271636	0	https://picsum.photos/200/300	Active
37	hospital-general-o1kpq6	Hospital General	Hospital general	Avinguda de Francisco Cerdà, 3, 46870 Ontinyent, Valencia	38.82018059977002	-0.6029612830128839	0	https://picsum.photos/200/300	Active
38	estacion-de-servicio-repsol-vibbaj	Estación de Servicio Repsol	Description 2	Carrer del Dos de Maig, 207, D, 46870 Ontinyent, Valencia	38.81828554278073	-0.6043501152928811	0	https://picsum.photos/200/300	Active
39	ies-la-estacion-7itzpq	IES La Estación	Description 3	Ctra. ESTACIÓ, S/N, 46870 Ontinyent, Valencia	38.810286665108876	-0.6035119775403537	0	https://picsum.photos/200/300	Active
40	polideportivo-municipal-zk8hlh	Polideportivo Municipal	Description 4	Carrer Vicent Lluís Montés Penadés, S/N, 46870 Ontinyent, Valencia	38.81074626514784	-0.6106678917566789	0	https://picsum.photos/200/300	Active
41	pou-clar-djcux8	Pou Clar	Description 5	CV-81, 46870 Ontinyent, Valencia	38.798755071798176	-0.6120636405835954	0	https://picsum.photos/200/300	Active
42	el-teler-oc7f0m	El Teler	Description 6	Carrer del Pintor Josep Segrelles, 1, 46870 Ontinyent, Valencia	38.82454003132385	-0.6027581054078655	0	https://picsum.photos/200/300	Active
43	ies-pou-clar-maz8ic	IES Pou Clar	Description 7	Av. Vicente Gironés, 16, 46870 Ontinyent, Valencia	38.826637773970454	-0.6141585414265855	0	https://picsum.photos/200/300	Active
44	ies-jaume-i-1mw8f9	IES Jaume I	Description 8	Av. de, Av. dAlbaida, 23, 46870 Ontinyent, Valencia	38.82177246263011	-0.5969750108857443	0	https://picsum.photos/200/300	Active
45	family-cash-flo69z	Family Cash	Description 9	Av. del Textil, 56, 46870 Ontinyent, Valencia	38.82741089220847	-0.5832476612271636	0	https://picsum.photos/200/300	Active
46	hospital-general-8e7r3a	Hospital General	Hospital general	Avinguda de Francisco Cerdà, 3, 46870 Ontinyent, Valencia	38.82018059977002	-0.6029612830128839	0	https://picsum.photos/200/300	Active
47	estacion-de-servicio-repsol-vwc48a	Estación de Servicio Repsol	Description 2	Carrer del Dos de Maig, 207, D, 46870 Ontinyent, Valencia	38.81828554278073	-0.6043501152928811	0	https://picsum.photos/200/300	Active
48	ies-la-estacion-c6iclf	IES La Estación	Description 3	Ctra. ESTACIÓ, S/N, 46870 Ontinyent, Valencia	38.810286665108876	-0.6035119775403537	0	https://picsum.photos/200/300	Active
49	polideportivo-municipal-j8a28l	Polideportivo Municipal	Description 4	Carrer Vicent Lluís Montés Penadés, S/N, 46870 Ontinyent, Valencia	38.81074626514784	-0.6106678917566789	0	https://picsum.photos/200/300	Active
50	pou-clar-en8qpd	Pou Clar	Description 5	CV-81, 46870 Ontinyent, Valencia	38.798755071798176	-0.6120636405835954	0	https://picsum.photos/200/300	Active
51	el-teler-w5k8zd	El Teler	Description 6	Carrer del Pintor Josep Segrelles, 1, 46870 Ontinyent, Valencia	38.82454003132385	-0.6027581054078655	0	https://picsum.photos/200/300	Active
52	ies-pou-clar-oo2shu	IES Pou Clar	Description 7	Av. Vicente Gironés, 16, 46870 Ontinyent, Valencia	38.826637773970454	-0.6141585414265855	0	https://picsum.photos/200/300	Active
53	ies-jaume-i-phbmsi	IES Jaume I	Description 8	Av. de, Av. dAlbaida, 23, 46870 Ontinyent, Valencia	38.82177246263011	-0.5969750108857443	0	https://picsum.photos/200/300	Active
54	family-cash-kc6fad	Family Cash	Description 9	Av. del Textil, 56, 46870 Ontinyent, Valencia	38.82741089220847	-0.5832476612271636	0	https://picsum.photos/200/300	Active
\.


--
-- Data for Name: auth_group; Type: TABLE DATA; Schema: public; Owner: kevin
--

COPY public.auth_group (id, name) FROM stdin;
\.


--
-- Data for Name: auth_group_permissions; Type: TABLE DATA; Schema: public; Owner: kevin
--

COPY public.auth_group_permissions (id, group_id, permission_id) FROM stdin;
\.


--
-- Data for Name: auth_permission; Type: TABLE DATA; Schema: public; Owner: kevin
--

COPY public.auth_permission (id, name, content_type_id, codename) FROM stdin;
133	Can add log entry	34	add_logentry
134	Can change log entry	34	change_logentry
135	Can delete log entry	34	delete_logentry
136	Can view log entry	34	view_logentry
137	Can add permission	35	add_permission
138	Can change permission	35	change_permission
139	Can delete permission	35	delete_permission
140	Can view permission	35	view_permission
141	Can add group	36	add_group
142	Can change group	36	change_group
143	Can delete group	36	delete_group
144	Can view group	36	view_group
145	Can add content type	37	add_contenttype
146	Can change content type	37	change_contenttype
147	Can delete content type	37	delete_contenttype
148	Can view content type	37	view_contenttype
149	Can add session	38	add_session
150	Can change session	38	change_session
151	Can delete session	38	delete_session
152	Can view session	38	view_session
153	Can add station	39	add_station
154	Can change station	39	change_station
155	Can delete station	39	delete_station
156	Can view station	39	view_station
157	Can add bike	40	add_bike
158	Can change bike	40	change_bike
159	Can delete bike	40	delete_bike
160	Can view bike	40	view_bike
161	Can add slot	41	add_slot
162	Can change slot	41	change_slot
163	Can delete slot	41	delete_slot
164	Can view slot	41	view_slot
165	Can add user	42	add_user
166	Can change user	42	change_user
167	Can delete user	42	delete_user
168	Can view user	42	view_user
169	Can add payout	43	add_payout
170	Can change payout	43	change_payout
171	Can delete payout	43	delete_payout
172	Can view payout	43	view_payout
173	Can add rent	44	add_rent
174	Can change rent	44	change_rent
175	Can delete rent	44	delete_rent
176	Can view rent	44	view_rent
\.


--
-- Data for Name: django_admin_log; Type: TABLE DATA; Schema: public; Owner: kevin
--

COPY public.django_admin_log (id, action_time, object_id, object_repr, action_flag, change_message, content_type_id, user_id) FROM stdin;
\.


--
-- Data for Name: django_content_type; Type: TABLE DATA; Schema: public; Owner: kevin
--

COPY public.django_content_type (id, app_label, model) FROM stdin;
34	admin	logentry
35	auth	permission
36	auth	group
37	contenttypes	contenttype
38	sessions	session
39	stations	station
40	bikes	bike
41	slots	slot
42	users	user
43	payout	payout
44	rent	rent
\.


--
-- Data for Name: django_migrations; Type: TABLE DATA; Schema: public; Owner: kevin
--

COPY public.django_migrations (id, app, name, applied) FROM stdin;
1	contenttypes	0001_initial	2024-02-15 15:45:21.102623+00
2	contenttypes	0002_remove_content_type_name	2024-02-15 15:45:21.114734+00
3	auth	0001_initial	2024-02-15 15:45:21.181163+00
4	auth	0002_alter_permission_name_max_length	2024-02-15 15:45:21.189239+00
5	auth	0003_alter_user_email_max_length	2024-02-15 15:45:21.198499+00
6	auth	0004_alter_user_username_opts	2024-02-15 15:45:21.205605+00
7	auth	0005_alter_user_last_login_null	2024-02-15 15:45:21.214165+00
8	auth	0006_require_contenttypes_0002	2024-02-15 15:45:21.216654+00
9	auth	0007_alter_validators_add_error_messages	2024-02-15 15:45:21.22557+00
10	auth	0008_alter_user_username_max_length	2024-02-15 15:45:21.232506+00
11	auth	0009_alter_user_last_name_max_length	2024-02-15 15:45:21.24521+00
12	auth	0010_alter_group_name_max_length	2024-02-15 15:45:21.25528+00
13	auth	0011_update_proxy_permissions	2024-02-15 15:45:21.263213+00
14	auth	0012_alter_user_first_name_max_length	2024-02-15 15:45:21.270066+00
15	users	0001_initial	2024-02-15 15:45:21.337247+00
16	admin	0001_initial	2024-02-15 15:45:21.368889+00
17	admin	0002_logentry_remove_auto_add	2024-02-15 15:45:21.379986+00
18	admin	0003_logentry_add_action_flag_choices	2024-02-15 15:45:21.391012+00
19	bikes	0001_initial	2024-02-15 15:45:21.409309+00
20	payout	0001_initial	2024-02-15 15:45:21.431249+00
21	payout	0002_alter_payout_id_payment	2024-02-15 15:45:21.45246+00
22	stations	0005_initial	2024-02-15 15:45:21.47648+00
23	stations	0006_alter_station_id	2024-02-15 15:45:21.498063+00
24	stations	0007_alter_station_table	2024-02-15 15:45:21.502661+00
25	stations	0008_alter_station_slug	2024-02-15 15:45:21.510588+00
26	slots	0001_initial	2024-02-15 15:45:21.538038+00
27	rent	0001_initial	2024-02-15 15:45:21.580508+00
28	rent	0002_rent_rent_id	2024-02-15 15:45:21.608715+00
29	sessions	0001_initial	2024-02-15 15:45:21.628822+00
30	stations	0009_station_status	2024-02-15 15:45:21.634381+00
31	users	0002_user_balance	2024-02-15 15:45:21.649253+00
\.


--
-- Data for Name: django_session; Type: TABLE DATA; Schema: public; Owner: kevin
--

COPY public.django_session (session_key, session_data, expire_date) FROM stdin;
\.


--
-- Data for Name: rent_rent; Type: TABLE DATA; Schema: public; Owner: kevin
--

COPY public.rent_rent (id, start_date, end_date, amount, status, lat, lng, bike_id, collection_slot_id, return_slot_id, user_id, rent_id) FROM stdin;
\.


--
-- Data for Name: slots_slot; Type: TABLE DATA; Schema: public; Owner: kevin
--

COPY public.slots_slot (id, status, bike_id, station_id) FROM stdin;
91	used	91	19
92	used	92	19
93	used	93	19
94	used	94	19
95	used	95	19
96	used	96	20
97	used	97	20
98	used	98	20
99	used	99	20
100	used	100	20
101	used	101	21
102	used	102	21
103	used	103	21
104	used	104	21
105	used	105	21
106	used	106	22
107	used	107	22
108	used	108	22
109	used	109	22
110	used	110	22
111	used	111	23
112	used	112	23
113	used	113	23
114	used	114	23
115	used	115	23
116	used	116	24
117	used	117	24
118	used	118	24
119	used	119	24
120	used	120	24
121	used	121	25
122	used	122	25
123	used	123	25
124	used	124	25
125	used	125	25
126	used	126	26
127	used	127	26
128	used	128	26
129	used	129	26
130	used	130	26
131	used	131	27
132	used	132	27
133	used	133	27
134	used	134	27
135	used	135	27
136	used	136	28
137	used	137	28
138	used	138	28
139	used	139	28
140	used	140	28
141	used	141	29
142	used	142	29
143	used	143	29
144	used	144	29
145	used	145	29
146	used	146	30
147	used	147	30
148	used	148	30
149	used	149	30
150	used	150	30
151	used	151	31
152	used	152	31
153	used	153	31
154	used	154	31
155	used	155	31
156	used	156	32
157	used	157	32
158	used	158	32
159	used	159	32
160	used	160	32
161	used	161	33
162	used	162	33
163	used	163	33
164	used	164	33
165	used	165	33
166	used	166	34
167	used	167	34
168	used	168	34
169	used	169	34
170	used	170	34
171	used	171	35
172	used	172	35
173	used	173	35
174	used	174	35
175	used	175	35
176	used	176	36
177	used	177	36
178	used	178	36
179	used	179	36
180	used	180	36
181	used	181	37
182	used	182	37
183	used	183	37
184	used	184	37
185	used	185	37
186	used	186	38
187	used	187	38
188	used	188	38
189	used	189	38
190	used	190	38
191	used	191	39
192	used	192	39
193	used	193	39
194	used	194	39
195	used	195	39
196	used	196	40
197	used	197	40
198	used	198	40
199	used	199	40
200	used	200	40
201	used	201	41
202	used	202	41
203	used	203	41
204	used	204	41
205	used	205	41
206	used	206	42
207	used	207	42
208	used	208	42
209	used	209	42
210	used	210	42
211	used	211	43
212	used	212	43
213	used	213	43
214	used	214	43
215	used	215	43
216	used	216	44
217	used	217	44
218	used	218	44
219	used	219	44
220	used	220	44
221	used	221	45
222	used	222	45
223	used	223	45
224	used	224	45
225	used	225	45
226	used	226	46
227	used	227	46
228	used	228	46
229	used	229	46
230	used	230	46
231	used	231	47
232	used	232	47
233	used	233	47
234	used	234	47
235	used	235	47
236	used	236	48
237	used	237	48
238	used	238	48
239	used	239	48
240	used	240	48
241	used	241	49
242	used	242	49
243	used	243	49
244	used	244	49
245	used	245	49
246	used	246	50
247	used	247	50
248	used	248	50
249	used	249	50
250	used	250	50
251	used	251	51
252	used	252	51
253	used	253	51
254	used	254	51
255	used	255	51
256	used	256	52
257	used	257	52
258	used	258	52
259	used	259	52
260	used	260	52
261	used	261	53
262	used	262	53
263	used	263	53
264	used	264	53
265	used	265	53
266	used	266	54
267	used	267	54
268	used	268	54
269	used	269	54
270	used	270	54
\.


--
-- Data for Name: users_user; Type: TABLE DATA; Schema: public; Owner: kevin
--

COPY public.users_user (id, password, last_login, is_superuser, uuid, username, name, email, phone, role, is_staff, avatar, "countTokens", balance) FROM stdin;
13	pbkdf2_sha256$720000$XieA7Xo7ORMuLGdbuv5rwq$0P5T2eaFGlKPl5CS4Pwd7yQZo/6UA3hfk1HPNPW3npM=	\N	t	3ca97227-caf9-e012-9a3c-3ff50d8c80dc	guillem		guillem@gmail.com	123456789	Admin	t		0	0.00
14	pbkdf2_sha256$720000$sGSuRFVBbSQUeKlNFdOC6W$Xl5+v+tToPHhktNrc78nlVER/IHIomdpH7NMqN7lNio=	\N	t	019f360a-6eb6-95ec-6a74-3f4341a2eb87	kevin		kevin@gmail.com	123456789	Admin	t		0	0.00
15	pbkdf2_sha256$720000$gIleGujvsulpOA8QqmENmT$z7kJSDMm2V3BnUScKc7qop09O2QSWFFX7VP4fBHO1eg=	\N	t	70edcead-7ac9-a8d3-e1f6-f69a13d86aa3	admin		admin@gmail.com	123456789	Admin	t		0	0.00
16	pbkdf2_sha256$720000$EC4ovFaCgUg72FfbNODV1E$tAOFethG6z+wsmuQmYYauWR0HEvxK5NExFzAtG/HHK4=	\N	f	dd96407c-0287-d9f7-4443-cc4ad41a2302	miguel		miguel@gmail.com	123456789	Client	f		0	0.00
17	pbkdf2_sha256$720000$eKXWE8u0JUFiQCIG3K5nCm$zKMaa3FjLxiZoOHl+qdCi6TUiiOWVYBnGUEHC/mNQ0I=	\N	f	c5ee4a13-42dd-fd52-d063-d55ac4bf09f2	david		david@gmail.com	123456789	Client	f		0	0.00
18	pbkdf2_sha256$720000$ZejUlZmlkJ8odbnQVUhstU$d2OxyUlGNn2ahDkm6qHldB2qY/+UDLc4/k12boSTtV4=	\N	f	a02fdeba-ecd6-9cee-8c6b-498fd1f28400	johan		johan@gmail.com	123456789	Client	f		0	0.00
\.


--
-- Data for Name: users_user_groups; Type: TABLE DATA; Schema: public; Owner: kevin
--

COPY public.users_user_groups (id, user_id, group_id) FROM stdin;
\.


--
-- Data for Name: users_user_user_permissions; Type: TABLE DATA; Schema: public; Owner: kevin
--

COPY public.users_user_user_permissions (id, user_id, permission_id) FROM stdin;
\.


--
-- Name: Bike_id_seq; Type: SEQUENCE SET; Schema: public; Owner: kevin
--

SELECT pg_catalog.setval('public."Bike_id_seq"', 270, true);


--
-- Name: auth_group_id_seq; Type: SEQUENCE SET; Schema: public; Owner: kevin
--

SELECT pg_catalog.setval('public.auth_group_id_seq', 1, false);


--
-- Name: auth_group_permissions_id_seq; Type: SEQUENCE SET; Schema: public; Owner: kevin
--

SELECT pg_catalog.setval('public.auth_group_permissions_id_seq', 1, false);


--
-- Name: auth_permission_id_seq; Type: SEQUENCE SET; Schema: public; Owner: kevin
--

SELECT pg_catalog.setval('public.auth_permission_id_seq', 176, true);


--
-- Name: django_admin_log_id_seq; Type: SEQUENCE SET; Schema: public; Owner: kevin
--

SELECT pg_catalog.setval('public.django_admin_log_id_seq', 1, false);


--
-- Name: django_content_type_id_seq; Type: SEQUENCE SET; Schema: public; Owner: kevin
--

SELECT pg_catalog.setval('public.django_content_type_id_seq', 44, true);


--
-- Name: django_migrations_id_seq; Type: SEQUENCE SET; Schema: public; Owner: kevin
--

SELECT pg_catalog.setval('public.django_migrations_id_seq', 31, true);


--
-- Name: rent_rent_id_seq; Type: SEQUENCE SET; Schema: public; Owner: kevin
--

SELECT pg_catalog.setval('public.rent_rent_id_seq', 1, false);


--
-- Name: slots_slot_id_seq; Type: SEQUENCE SET; Schema: public; Owner: kevin
--

SELECT pg_catalog.setval('public.slots_slot_id_seq', 270, true);


--
-- Name: stations_station_id_seq; Type: SEQUENCE SET; Schema: public; Owner: kevin
--

SELECT pg_catalog.setval('public.stations_station_id_seq', 54, true);


--
-- Name: users_user_groups_id_seq; Type: SEQUENCE SET; Schema: public; Owner: kevin
--

SELECT pg_catalog.setval('public.users_user_groups_id_seq', 1, false);


--
-- Name: users_user_id_seq; Type: SEQUENCE SET; Schema: public; Owner: kevin
--

SELECT pg_catalog.setval('public.users_user_id_seq', 18, true);


--
-- Name: users_user_user_permissions_id_seq; Type: SEQUENCE SET; Schema: public; Owner: kevin
--

SELECT pg_catalog.setval('public.users_user_user_permissions_id_seq', 1, false);


--
-- Name: Bike Bike_pkey; Type: CONSTRAINT; Schema: public; Owner: kevin
--

ALTER TABLE ONLY public."Bike"
    ADD CONSTRAINT "Bike_pkey" PRIMARY KEY (id);


--
-- Name: Bike Bike_slug_key; Type: CONSTRAINT; Schema: public; Owner: kevin
--

ALTER TABLE ONLY public."Bike"
    ADD CONSTRAINT "Bike_slug_key" UNIQUE (slug);


--
-- Name: Payout Payout_pkey; Type: CONSTRAINT; Schema: public; Owner: kevin
--

ALTER TABLE ONLY public."Payout"
    ADD CONSTRAINT "Payout_pkey" PRIMARY KEY (id_payment);


--
-- Name: auth_group auth_group_name_key; Type: CONSTRAINT; Schema: public; Owner: kevin
--

ALTER TABLE ONLY public.auth_group
    ADD CONSTRAINT auth_group_name_key UNIQUE (name);


--
-- Name: auth_group_permissions auth_group_permissions_group_id_permission_id_0cd325b0_uniq; Type: CONSTRAINT; Schema: public; Owner: kevin
--

ALTER TABLE ONLY public.auth_group_permissions
    ADD CONSTRAINT auth_group_permissions_group_id_permission_id_0cd325b0_uniq UNIQUE (group_id, permission_id);


--
-- Name: auth_group_permissions auth_group_permissions_pkey; Type: CONSTRAINT; Schema: public; Owner: kevin
--

ALTER TABLE ONLY public.auth_group_permissions
    ADD CONSTRAINT auth_group_permissions_pkey PRIMARY KEY (id);


--
-- Name: auth_group auth_group_pkey; Type: CONSTRAINT; Schema: public; Owner: kevin
--

ALTER TABLE ONLY public.auth_group
    ADD CONSTRAINT auth_group_pkey PRIMARY KEY (id);


--
-- Name: auth_permission auth_permission_content_type_id_codename_01ab375a_uniq; Type: CONSTRAINT; Schema: public; Owner: kevin
--

ALTER TABLE ONLY public.auth_permission
    ADD CONSTRAINT auth_permission_content_type_id_codename_01ab375a_uniq UNIQUE (content_type_id, codename);


--
-- Name: auth_permission auth_permission_pkey; Type: CONSTRAINT; Schema: public; Owner: kevin
--

ALTER TABLE ONLY public.auth_permission
    ADD CONSTRAINT auth_permission_pkey PRIMARY KEY (id);


--
-- Name: django_admin_log django_admin_log_pkey; Type: CONSTRAINT; Schema: public; Owner: kevin
--

ALTER TABLE ONLY public.django_admin_log
    ADD CONSTRAINT django_admin_log_pkey PRIMARY KEY (id);


--
-- Name: django_content_type django_content_type_app_label_model_76bd3d3b_uniq; Type: CONSTRAINT; Schema: public; Owner: kevin
--

ALTER TABLE ONLY public.django_content_type
    ADD CONSTRAINT django_content_type_app_label_model_76bd3d3b_uniq UNIQUE (app_label, model);


--
-- Name: django_content_type django_content_type_pkey; Type: CONSTRAINT; Schema: public; Owner: kevin
--

ALTER TABLE ONLY public.django_content_type
    ADD CONSTRAINT django_content_type_pkey PRIMARY KEY (id);


--
-- Name: django_migrations django_migrations_pkey; Type: CONSTRAINT; Schema: public; Owner: kevin
--

ALTER TABLE ONLY public.django_migrations
    ADD CONSTRAINT django_migrations_pkey PRIMARY KEY (id);


--
-- Name: django_session django_session_pkey; Type: CONSTRAINT; Schema: public; Owner: kevin
--

ALTER TABLE ONLY public.django_session
    ADD CONSTRAINT django_session_pkey PRIMARY KEY (session_key);


--
-- Name: rent_rent rent_rent_pkey; Type: CONSTRAINT; Schema: public; Owner: kevin
--

ALTER TABLE ONLY public.rent_rent
    ADD CONSTRAINT rent_rent_pkey PRIMARY KEY (id);


--
-- Name: rent_rent rent_rent_rent_id_key; Type: CONSTRAINT; Schema: public; Owner: kevin
--

ALTER TABLE ONLY public.rent_rent
    ADD CONSTRAINT rent_rent_rent_id_key UNIQUE (rent_id);


--
-- Name: slots_slot slots_slot_bike_id_key; Type: CONSTRAINT; Schema: public; Owner: kevin
--

ALTER TABLE ONLY public.slots_slot
    ADD CONSTRAINT slots_slot_bike_id_key UNIQUE (bike_id);


--
-- Name: slots_slot slots_slot_pkey; Type: CONSTRAINT; Schema: public; Owner: kevin
--

ALTER TABLE ONLY public.slots_slot
    ADD CONSTRAINT slots_slot_pkey PRIMARY KEY (id);


--
-- Name: Station stations_station_pkey; Type: CONSTRAINT; Schema: public; Owner: kevin
--

ALTER TABLE ONLY public."Station"
    ADD CONSTRAINT stations_station_pkey PRIMARY KEY (id);


--
-- Name: Station stations_station_slug_key; Type: CONSTRAINT; Schema: public; Owner: kevin
--

ALTER TABLE ONLY public."Station"
    ADD CONSTRAINT stations_station_slug_key UNIQUE (slug);


--
-- Name: users_user users_user_email_key; Type: CONSTRAINT; Schema: public; Owner: kevin
--

ALTER TABLE ONLY public.users_user
    ADD CONSTRAINT users_user_email_key UNIQUE (email);


--
-- Name: users_user_groups users_user_groups_pkey; Type: CONSTRAINT; Schema: public; Owner: kevin
--

ALTER TABLE ONLY public.users_user_groups
    ADD CONSTRAINT users_user_groups_pkey PRIMARY KEY (id);


--
-- Name: users_user_groups users_user_groups_user_id_group_id_b88eab82_uniq; Type: CONSTRAINT; Schema: public; Owner: kevin
--

ALTER TABLE ONLY public.users_user_groups
    ADD CONSTRAINT users_user_groups_user_id_group_id_b88eab82_uniq UNIQUE (user_id, group_id);


--
-- Name: users_user users_user_pkey; Type: CONSTRAINT; Schema: public; Owner: kevin
--

ALTER TABLE ONLY public.users_user
    ADD CONSTRAINT users_user_pkey PRIMARY KEY (id);


--
-- Name: users_user_user_permissions users_user_user_permissions_pkey; Type: CONSTRAINT; Schema: public; Owner: kevin
--

ALTER TABLE ONLY public.users_user_user_permissions
    ADD CONSTRAINT users_user_user_permissions_pkey PRIMARY KEY (id);


--
-- Name: users_user_user_permissions users_user_user_permissions_user_id_permission_id_43338c45_uniq; Type: CONSTRAINT; Schema: public; Owner: kevin
--

ALTER TABLE ONLY public.users_user_user_permissions
    ADD CONSTRAINT users_user_user_permissions_user_id_permission_id_43338c45_uniq UNIQUE (user_id, permission_id);


--
-- Name: users_user users_user_uuid_key; Type: CONSTRAINT; Schema: public; Owner: kevin
--

ALTER TABLE ONLY public.users_user
    ADD CONSTRAINT users_user_uuid_key UNIQUE (uuid);


--
-- Name: Bike_slug_224a9d96_like; Type: INDEX; Schema: public; Owner: kevin
--

CREATE INDEX "Bike_slug_224a9d96_like" ON public."Bike" USING btree (slug varchar_pattern_ops);


--
-- Name: Payout_id_user_id_633348ef; Type: INDEX; Schema: public; Owner: kevin
--

CREATE INDEX "Payout_id_user_id_633348ef" ON public."Payout" USING btree (id_user_id);


--
-- Name: auth_group_name_a6ea08ec_like; Type: INDEX; Schema: public; Owner: kevin
--

CREATE INDEX auth_group_name_a6ea08ec_like ON public.auth_group USING btree (name varchar_pattern_ops);


--
-- Name: auth_group_permissions_group_id_b120cbf9; Type: INDEX; Schema: public; Owner: kevin
--

CREATE INDEX auth_group_permissions_group_id_b120cbf9 ON public.auth_group_permissions USING btree (group_id);


--
-- Name: auth_group_permissions_permission_id_84c5c92e; Type: INDEX; Schema: public; Owner: kevin
--

CREATE INDEX auth_group_permissions_permission_id_84c5c92e ON public.auth_group_permissions USING btree (permission_id);


--
-- Name: auth_permission_content_type_id_2f476e4b; Type: INDEX; Schema: public; Owner: kevin
--

CREATE INDEX auth_permission_content_type_id_2f476e4b ON public.auth_permission USING btree (content_type_id);


--
-- Name: django_admin_log_content_type_id_c4bce8eb; Type: INDEX; Schema: public; Owner: kevin
--

CREATE INDEX django_admin_log_content_type_id_c4bce8eb ON public.django_admin_log USING btree (content_type_id);


--
-- Name: django_admin_log_user_id_c564eba6; Type: INDEX; Schema: public; Owner: kevin
--

CREATE INDEX django_admin_log_user_id_c564eba6 ON public.django_admin_log USING btree (user_id);


--
-- Name: django_session_expire_date_a5c62663; Type: INDEX; Schema: public; Owner: kevin
--

CREATE INDEX django_session_expire_date_a5c62663 ON public.django_session USING btree (expire_date);


--
-- Name: django_session_session_key_c0390e0f_like; Type: INDEX; Schema: public; Owner: kevin
--

CREATE INDEX django_session_session_key_c0390e0f_like ON public.django_session USING btree (session_key varchar_pattern_ops);


--
-- Name: rent_rent_bike_id_4ecb3af0; Type: INDEX; Schema: public; Owner: kevin
--

CREATE INDEX rent_rent_bike_id_4ecb3af0 ON public.rent_rent USING btree (bike_id);


--
-- Name: rent_rent_collection_slot_id_892d1882; Type: INDEX; Schema: public; Owner: kevin
--

CREATE INDEX rent_rent_collection_slot_id_892d1882 ON public.rent_rent USING btree (collection_slot_id);


--
-- Name: rent_rent_rent_id_dd730f42_like; Type: INDEX; Schema: public; Owner: kevin
--

CREATE INDEX rent_rent_rent_id_dd730f42_like ON public.rent_rent USING btree (rent_id varchar_pattern_ops);


--
-- Name: rent_rent_return_slot_id_4e9cf1cb; Type: INDEX; Schema: public; Owner: kevin
--

CREATE INDEX rent_rent_return_slot_id_4e9cf1cb ON public.rent_rent USING btree (return_slot_id);


--
-- Name: rent_rent_user_id_07f92b1b; Type: INDEX; Schema: public; Owner: kevin
--

CREATE INDEX rent_rent_user_id_07f92b1b ON public.rent_rent USING btree (user_id);


--
-- Name: slots_slot_station_id_3512b1bc; Type: INDEX; Schema: public; Owner: kevin
--

CREATE INDEX slots_slot_station_id_3512b1bc ON public.slots_slot USING btree (station_id);


--
-- Name: stations_station_slug_05a1011b_like; Type: INDEX; Schema: public; Owner: kevin
--

CREATE INDEX stations_station_slug_05a1011b_like ON public."Station" USING btree (slug varchar_pattern_ops);


--
-- Name: users_user_email_243f6e77_like; Type: INDEX; Schema: public; Owner: kevin
--

CREATE INDEX users_user_email_243f6e77_like ON public.users_user USING btree (email varchar_pattern_ops);


--
-- Name: users_user_groups_group_id_9afc8d0e; Type: INDEX; Schema: public; Owner: kevin
--

CREATE INDEX users_user_groups_group_id_9afc8d0e ON public.users_user_groups USING btree (group_id);


--
-- Name: users_user_groups_user_id_5f6f5a90; Type: INDEX; Schema: public; Owner: kevin
--

CREATE INDEX users_user_groups_user_id_5f6f5a90 ON public.users_user_groups USING btree (user_id);


--
-- Name: users_user_user_permissions_permission_id_0b93982e; Type: INDEX; Schema: public; Owner: kevin
--

CREATE INDEX users_user_user_permissions_permission_id_0b93982e ON public.users_user_user_permissions USING btree (permission_id);


--
-- Name: users_user_user_permissions_user_id_20aca447; Type: INDEX; Schema: public; Owner: kevin
--

CREATE INDEX users_user_user_permissions_user_id_20aca447 ON public.users_user_user_permissions USING btree (user_id);


--
-- Name: users_user_uuid_6fe513d7_like; Type: INDEX; Schema: public; Owner: kevin
--

CREATE INDEX users_user_uuid_6fe513d7_like ON public.users_user USING btree (uuid varchar_pattern_ops);


--
-- Name: Payout Payout_id_user_id_633348ef_fk_users_user_id; Type: FK CONSTRAINT; Schema: public; Owner: kevin
--

ALTER TABLE ONLY public."Payout"
    ADD CONSTRAINT "Payout_id_user_id_633348ef_fk_users_user_id" FOREIGN KEY (id_user_id) REFERENCES public.users_user(id) DEFERRABLE INITIALLY DEFERRED;


--
-- Name: auth_group_permissions auth_group_permissio_permission_id_84c5c92e_fk_auth_perm; Type: FK CONSTRAINT; Schema: public; Owner: kevin
--

ALTER TABLE ONLY public.auth_group_permissions
    ADD CONSTRAINT auth_group_permissio_permission_id_84c5c92e_fk_auth_perm FOREIGN KEY (permission_id) REFERENCES public.auth_permission(id) DEFERRABLE INITIALLY DEFERRED;


--
-- Name: auth_group_permissions auth_group_permissions_group_id_b120cbf9_fk_auth_group_id; Type: FK CONSTRAINT; Schema: public; Owner: kevin
--

ALTER TABLE ONLY public.auth_group_permissions
    ADD CONSTRAINT auth_group_permissions_group_id_b120cbf9_fk_auth_group_id FOREIGN KEY (group_id) REFERENCES public.auth_group(id) DEFERRABLE INITIALLY DEFERRED;


--
-- Name: auth_permission auth_permission_content_type_id_2f476e4b_fk_django_co; Type: FK CONSTRAINT; Schema: public; Owner: kevin
--

ALTER TABLE ONLY public.auth_permission
    ADD CONSTRAINT auth_permission_content_type_id_2f476e4b_fk_django_co FOREIGN KEY (content_type_id) REFERENCES public.django_content_type(id) DEFERRABLE INITIALLY DEFERRED;


--
-- Name: django_admin_log django_admin_log_content_type_id_c4bce8eb_fk_django_co; Type: FK CONSTRAINT; Schema: public; Owner: kevin
--

ALTER TABLE ONLY public.django_admin_log
    ADD CONSTRAINT django_admin_log_content_type_id_c4bce8eb_fk_django_co FOREIGN KEY (content_type_id) REFERENCES public.django_content_type(id) DEFERRABLE INITIALLY DEFERRED;


--
-- Name: django_admin_log django_admin_log_user_id_c564eba6_fk_users_user_id; Type: FK CONSTRAINT; Schema: public; Owner: kevin
--

ALTER TABLE ONLY public.django_admin_log
    ADD CONSTRAINT django_admin_log_user_id_c564eba6_fk_users_user_id FOREIGN KEY (user_id) REFERENCES public.users_user(id) DEFERRABLE INITIALLY DEFERRED;


--
-- Name: rent_rent rent_rent_bike_id_4ecb3af0_fk_Bike_id; Type: FK CONSTRAINT; Schema: public; Owner: kevin
--

ALTER TABLE ONLY public.rent_rent
    ADD CONSTRAINT "rent_rent_bike_id_4ecb3af0_fk_Bike_id" FOREIGN KEY (bike_id) REFERENCES public."Bike"(id) DEFERRABLE INITIALLY DEFERRED;


--
-- Name: rent_rent rent_rent_collection_slot_id_892d1882_fk_slots_slot_id; Type: FK CONSTRAINT; Schema: public; Owner: kevin
--

ALTER TABLE ONLY public.rent_rent
    ADD CONSTRAINT rent_rent_collection_slot_id_892d1882_fk_slots_slot_id FOREIGN KEY (collection_slot_id) REFERENCES public.slots_slot(id) DEFERRABLE INITIALLY DEFERRED;


--
-- Name: rent_rent rent_rent_return_slot_id_4e9cf1cb_fk_slots_slot_id; Type: FK CONSTRAINT; Schema: public; Owner: kevin
--

ALTER TABLE ONLY public.rent_rent
    ADD CONSTRAINT rent_rent_return_slot_id_4e9cf1cb_fk_slots_slot_id FOREIGN KEY (return_slot_id) REFERENCES public.slots_slot(id) DEFERRABLE INITIALLY DEFERRED;


--
-- Name: rent_rent rent_rent_user_id_07f92b1b_fk_users_user_id; Type: FK CONSTRAINT; Schema: public; Owner: kevin
--

ALTER TABLE ONLY public.rent_rent
    ADD CONSTRAINT rent_rent_user_id_07f92b1b_fk_users_user_id FOREIGN KEY (user_id) REFERENCES public.users_user(id) DEFERRABLE INITIALLY DEFERRED;


--
-- Name: slots_slot slots_slot_bike_id_2a9cf1fb_fk_Bike_id; Type: FK CONSTRAINT; Schema: public; Owner: kevin
--

ALTER TABLE ONLY public.slots_slot
    ADD CONSTRAINT "slots_slot_bike_id_2a9cf1fb_fk_Bike_id" FOREIGN KEY (bike_id) REFERENCES public."Bike"(id) DEFERRABLE INITIALLY DEFERRED;


--
-- Name: slots_slot slots_slot_station_id_3512b1bc_fk_Station_id; Type: FK CONSTRAINT; Schema: public; Owner: kevin
--

ALTER TABLE ONLY public.slots_slot
    ADD CONSTRAINT "slots_slot_station_id_3512b1bc_fk_Station_id" FOREIGN KEY (station_id) REFERENCES public."Station"(id) DEFERRABLE INITIALLY DEFERRED;


--
-- Name: users_user_groups users_user_groups_group_id_9afc8d0e_fk_auth_group_id; Type: FK CONSTRAINT; Schema: public; Owner: kevin
--

ALTER TABLE ONLY public.users_user_groups
    ADD CONSTRAINT users_user_groups_group_id_9afc8d0e_fk_auth_group_id FOREIGN KEY (group_id) REFERENCES public.auth_group(id) DEFERRABLE INITIALLY DEFERRED;


--
-- Name: users_user_groups users_user_groups_user_id_5f6f5a90_fk_users_user_id; Type: FK CONSTRAINT; Schema: public; Owner: kevin
--

ALTER TABLE ONLY public.users_user_groups
    ADD CONSTRAINT users_user_groups_user_id_5f6f5a90_fk_users_user_id FOREIGN KEY (user_id) REFERENCES public.users_user(id) DEFERRABLE INITIALLY DEFERRED;


--
-- Name: users_user_user_permissions users_user_user_perm_permission_id_0b93982e_fk_auth_perm; Type: FK CONSTRAINT; Schema: public; Owner: kevin
--

ALTER TABLE ONLY public.users_user_user_permissions
    ADD CONSTRAINT users_user_user_perm_permission_id_0b93982e_fk_auth_perm FOREIGN KEY (permission_id) REFERENCES public.auth_permission(id) DEFERRABLE INITIALLY DEFERRED;


--
-- Name: users_user_user_permissions users_user_user_permissions_user_id_20aca447_fk_users_user_id; Type: FK CONSTRAINT; Schema: public; Owner: kevin
--

ALTER TABLE ONLY public.users_user_user_permissions
    ADD CONSTRAINT users_user_user_permissions_user_id_20aca447_fk_users_user_id FOREIGN KEY (user_id) REFERENCES public.users_user(id) DEFERRABLE INITIALLY DEFERRED;


--
-- PostgreSQL database dump complete
--

